-- MySQL dump 10.13  Distrib 8.0.26, for Linux (x86_64)
--
-- Host: localhost    Database: total_envios_db
-- ------------------------------------------------------
-- Server version	8.0.26-0ubuntu0.20.04.2

/*!40101 SET @OLD_CHARACTER_SET_CLIENT=@@CHARACTER_SET_CLIENT */;
/*!40101 SET @OLD_CHARACTER_SET_RESULTS=@@CHARACTER_SET_RESULTS */;
/*!40101 SET @OLD_COLLATION_CONNECTION=@@COLLATION_CONNECTION */;
/*!50503 SET NAMES utf8mb4 */;
/*!40103 SET @OLD_TIME_ZONE=@@TIME_ZONE */;
/*!40103 SET TIME_ZONE='+00:00' */;
/*!40014 SET @OLD_UNIQUE_CHECKS=@@UNIQUE_CHECKS, UNIQUE_CHECKS=0 */;
/*!40014 SET @OLD_FOREIGN_KEY_CHECKS=@@FOREIGN_KEY_CHECKS, FOREIGN_KEY_CHECKS=0 */;
/*!40101 SET @OLD_SQL_MODE=@@SQL_MODE, SQL_MODE='NO_AUTO_VALUE_ON_ZERO' */;
/*!40111 SET @OLD_SQL_NOTES=@@SQL_NOTES, SQL_NOTES=0 */;

--
-- Table structure for table `addressee`
--

DROP TABLE IF EXISTS `addressee`;
/*!40101 SET @saved_cs_client     = @@character_set_client */;
/*!50503 SET character_set_client = utf8mb4 */;
CREATE TABLE `addressee` (
  `id` int NOT NULL AUTO_INCREMENT,
  `name` varchar(100) NOT NULL,
  `lastname` varchar(100) NOT NULL,
  `country_id` int NOT NULL,
  `state_id` int NOT NULL,
  `city_id` int NOT NULL,
  `address` varchar(100) NOT NULL,
  `contact_phone` varchar(20) DEFAULT NULL,
  `user_id` int NOT NULL,
  `country_name` varchar(100) DEFAULT NULL,
  `state_name` varchar(100) DEFAULT NULL,
  `city_name` varchar(100) DEFAULT NULL,
  PRIMARY KEY (`id`)
) ENGINE=InnoDB AUTO_INCREMENT=60 DEFAULT CHARSET=utf8mb4;
/*!40101 SET character_set_client = @saved_cs_client */;

--
-- Dumping data for table `addressee`
--

LOCK TABLES `addressee` WRITE;
/*!40000 ALTER TABLE `addressee` DISABLE KEYS */;
INSERT INTO `addressee` VALUES (17,'reissy jose','torres emanuelli',1,6,11,'Urb lomas del caroní manzana 27 casa nro 600','041489866741',50049,'VENEZUELA','BOLIVAR','PUERTO ORDAZ'),(23,'Norma de Romero','Romero',1,6,11,'Urb. Las Garzas, mz 10 casa 16','02869520525',50028,'VENEZUELA','BOLÍVAR','PUERTO ORDAZ'),(52,'Ifernaindodddddd','isndidof',1,6,11,'Urb Rio Aro','04148752963',50072,'VENEZUELA','BOLIVAR','PUERTO ORDAZ'),(56,'Donmar alfonzo','torres pinto',1,6,11,'FDINFODNON','04148986670',50078,'VENEZUELA','BOLIVAR','PUERTO ORDAZ'),(58,'Marliby','Destinatario',1,6,11,'altavista sur','04148986671',50055,'VENEZUELA','BOLÍVAR','PUERTO ORDAZ'),(59,'Milagros','Leon',61,0,0,'2200 nw 170 av','9544706283',50079,'USA','Florida','Pembroke Pines');
/*!40000 ALTER TABLE `addressee` ENABLE KEYS */;
UNLOCK TABLES;

--
-- Table structure for table `alerts`
--

DROP TABLE IF EXISTS `alerts`;
/*!40101 SET @saved_cs_client     = @@character_set_client */;
/*!50503 SET character_set_client = utf8mb4 */;
CREATE TABLE `alerts` (
  `id` int NOT NULL AUTO_INCREMENT,
  `tracking` varchar(100) NOT NULL,
  `date_r` timestamp NOT NULL DEFAULT CURRENT_TIMESTAMP ON UPDATE CURRENT_TIMESTAMP,
  `id_client` int DEFAULT NULL,
  `transp` text NOT NULL,
  `content` text NOT NULL,
  `alert_status` int DEFAULT NULL,
  `date_in` timestamp NULL DEFAULT NULL,
  `package_name` varchar(100) DEFAULT NULL,
  `cost` float NOT NULL,
  `trip_id` int DEFAULT NULL,
  `invoice` blob,
  PRIMARY KEY (`id`)
) ENGINE=InnoDB AUTO_INCREMENT=35 DEFAULT CHARSET=utf8mb3;
/*!40101 SET character_set_client = @saved_cs_client */;

--
-- Dumping data for table `alerts`
--

LOCK TABLES `alerts` WRITE;
/*!40000 ALTER TABLE `alerts` DISABLE KEYS */;
INSERT INTO `alerts` VALUES (14,'AS85966DDTHYYYENJSNUNDU','2021-07-31 18:20:49',50049,'5','PS5',1,'2021-05-04 15:16:20','ROMERO',150,1,''),(29,'526321000001526322362','2021-06-27 12:28:32',50049,'2','ASEO PERSONAL',NULL,'1993-01-01 00:00:00','N/A',150,NULL,NULL),(30,'12342345YGD','2021-07-01 00:00:00',0,'5','UN RELOJ, UNOS ZAPATOS',NULL,'2021-07-01 00:00:00','MILAGROS LEON',600,NULL,NULL),(32,'gcxucxkutuc5130030121','2021-07-24 06:47:43',0,'4','iphone x',NULL,'2021-07-30 04:00:00','Marliby Vargas',200,NULL,_binary '1925384993-iphone.jpg'),(34,'fsdfdfsdfsdf85ds12f66151','2021-07-24 06:55:54',50055,'3','dfdfsdfsdfdsfsdfsdf',NULL,'2021-07-29 04:00:00','N/A',500,NULL,_binary '1805219324-iphone.jpg');
/*!40000 ALTER TABLE `alerts` ENABLE KEYS */;
UNLOCK TABLES;

--
-- Table structure for table `box`
--

DROP TABLE IF EXISTS `box`;
/*!40101 SET @saved_cs_client     = @@character_set_client */;
/*!50503 SET character_set_client = utf8mb4 */;
CREATE TABLE `box` (
  `id` int NOT NULL AUTO_INCREMENT,
  `name` varchar(45) NOT NULL,
  `width` double(10,2) NOT NULL DEFAULT '0.00',
  `height` double(10,2) NOT NULL DEFAULT '0.00',
  `weigth` double(10,2) NOT NULL DEFAULT '0.00',
  `lenght` double(10,2) NOT NULL DEFAULT '0.00',
  `active` tinyint(1) NOT NULL DEFAULT '1',
  `cubic_feet` float(10,2) NOT NULL,
  `lb_vol` float(10,2) NOT NULL,
  `box_cost` float DEFAULT NULL,
  `foto` blob,
  PRIMARY KEY (`id`)
) ENGINE=InnoDB AUTO_INCREMENT=122 DEFAULT CHARSET=utf8mb3;
/*!40101 SET character_set_client = @saved_cs_client */;

--
-- Dumping data for table `box`
--

LOCK TABLES `box` WRITE;
/*!40000 ALTER TABLE `box` DISABLE KEYS */;
INSERT INTO `box` VALUES (14,'D CONTENEDOR',41.00,45.00,0.00,58.00,1,67.00,644.64,NULL,NULL),(15,'E CONTENEDOR',28.00,29.00,0.00,43.00,1,20.30,210.34,NULL,NULL),(16,'TV 40 SAMSUNG LED',6.00,24.00,0.00,44.00,1,3.68,38.17,NULL,NULL),(17,'TV 40 SAMSUNG LED CRATE',8.00,37.00,0.00,46.00,1,7.92,82.02,NULL,NULL),(18,'EXTRASMALL HOME DEPOT',12.00,10.00,0.00,15.00,1,1.05,10.84,NULL,NULL),(19,'PERRARINA OL ROY 50LB',16.00,11.00,50.00,19.00,1,1.94,20.14,NULL,NULL),(27,'CAUCHO 235/75/R15 15',28.00,8.00,0.00,28.00,1,3.65,37.78,NULL,NULL),(28,'CAUCHO 17 214/6O/R17',26.00,9.00,24.00,26.00,1,3.54,36.65,NULL,NULL),(29,'CAUCHO 20 275/55/R20',33.00,11.00,0.00,33.00,1,6.96,72.16,NULL,NULL),(30,'CAUCHO 17 255/65/R17',28.00,9.00,0.00,28.00,1,4.10,42.51,NULL,NULL),(33,'GATARINA DOW CHOW 26LB',15.00,7.00,0.00,17.00,1,1.04,10.75,NULL,NULL),(35,'CAUCHO BFGOOD K02 265/65R/22',30.00,9.00,0.00,30.00,1,4.71,48.80,NULL,NULL),(37,'CAUCHO HANKOOK 195/60R15',23.00,7.00,0.00,23.00,1,2.15,22.31,NULL,NULL),(42,'PHILLIPS 66 SAE CONVEN. 20W50 BOX',10.00,9.00,24.50,13.00,1,0.68,7.05,NULL,NULL),(43,'SUPER SS SYNTHETIC BLEND 15/40',8.00,11.00,23.00,14.00,1,0.72,7.42,NULL,NULL),(44,'TEK STAR SYNTHETIC BLEND  20W50  API SN 12-1Q',10.00,9.00,22.00,13.00,1,0.86,7.05,NULL,NULL),(45,'ATUN ALDIS',11.00,5.00,0.00,14.00,1,0.45,4.64,NULL,NULL),(46,'CAJA PLASTICA 27GAL',20.00,14.00,0.00,30.00,1,4.88,50.60,NULL,NULL),(47,'NUTELLA 950 GR 33.5 OZ',5.00,3.30,2.80,6.00,1,0.06,0.60,NULL,NULL),(48,'GENERADOR WSTINGJOUSE IGEN2500',13.00,19.00,0.00,21.00,1,3.02,31.25,NULL,NULL),(49,'TELEVISOR  VISIO 24',16.00,4.00,9.00,24.00,1,0.89,9.25,NULL,NULL),(50,'KITCHENAID',11.00,16.00,20.00,16.00,1,1.64,16.96,NULL,NULL),(51,'CERVEZA CORONA 12FL. BOTELLA',11.00,10.00,0.00,15.00,1,0.96,32.00,NULL,NULL),(52,'156 CAJAS SA OW-20 TOYOTA',48.00,62.00,0.00,40.00,1,69.21,0.00,NULL,NULL),(53,'GENERADOR CHAMPION 4000',18.00,21.00,106.00,24.00,1,5.27,0.00,NULL,NULL),(54,'KITCHENAID PROFESIONAL 5 PLUS',17.00,24.00,0.00,13.00,1,3.08,31.00,NULL,NULL),(55,'TELEVISOR SAMSUNG 58',35.00,7.00,0.00,56.00,1,7.98,0.00,NULL,NULL),(56,'TELEVISOR SAMSUNG 75',43.00,9.00,0.00,71.00,1,15.98,0.00,NULL,NULL),(57,'TELEVISOR SAMSUNG 65',38.00,7.00,0.00,62.00,1,9.59,71.00,NULL,NULL),(58,'TELEVISOR SAMSUNG 55',7.00,33.00,0.00,53.00,1,7.12,57.00,NULL,NULL),(59,'1 PIERNA JAMON SERRANO ESPAÑOL',11.00,8.00,0.00,24.00,1,1.23,22.00,NULL,NULL),(60,'TELEVISOR SAMSUMG UHDTV 65',7.00,38.00,0.00,62.00,1,9.59,71.00,NULL,NULL),(61,'GENERADOR DURO MAX XP12000EH',23.00,23.00,0.00,31.00,1,9.53,0.00,NULL,NULL),(62,'CAJA PLASTICA 7GAL',12.00,10.00,0.00,19.00,1,1.33,0.00,NULL,NULL),(64,'PERRARINA DOG CHOW 50 LBS',17.00,6.00,50.00,24.00,1,1.42,0.00,NULL,NULL),(65,'PERRARINA DOG CHOW 57 LBS',18.00,7.00,0.00,25.00,1,1.83,0.00,NULL,NULL),(66,'TELEVISOR SAMSUNG 32',35.00,5.00,0.00,19.00,1,1.93,14.00,NULL,NULL),(67,'HORNO HAMILTON BEACH ',18.00,15.00,0.00,23.00,1,3.61,0.00,NULL,NULL),(68,'HP SLIM DESKTOP PC ',8.00,13.00,0.00,19.00,1,1.15,13.00,NULL,NULL),(69,'PROYECTOR EPSON',6.00,15.00,0.00,13.00,1,0.68,8.00,NULL,NULL),(70,'GATARINA PURINA 25LB',17.00,4.00,0.00,25.00,1,0.99,25.00,NULL,NULL),(71,'TELEVISOR TLC 32',5.00,20.00,0.00,31.00,1,1.80,12.00,NULL,NULL),(72,'TELEVISOR SCEPTRO 32',5.00,20.00,0.00,32.00,1,1.86,0.00,NULL,NULL),(73,'IGLOO MAX COLD 248 CANS 142LTS',18.00,20.00,0.00,40.00,1,8.37,0.00,NULL,NULL),(74,'TELEVISOR ELEMENT 70',7.00,43.00,0.00,68.00,1,11.90,0.00,NULL,NULL),(76,'IGLOO MAX COLD 150 QT.',18.00,21.00,0.00,41.00,1,9.01,0.00,NULL,NULL),(77,'TELEVISOR 43',5.00,26.00,0.00,44.00,1,3.33,0.00,NULL,NULL),(78,'MASCARILLAS KN95 60 CAJAS DE 20 UNIDADES',16.00,21.00,0.00,24.00,1,4.69,28.00,NULL,NULL),(79,'AIR FRAYER POWER XL',14.00,15.00,0.00,14.00,1,1.71,15.00,NULL,NULL),(80,'MEDIUM OFFICE DEPOT',18.00,18.00,0.00,18.00,1,3.39,0.00,NULL,NULL),(81,'LARGE  OFFICE DEPOT',20.00,20.00,0.00,20.00,1,4.65,0.00,NULL,NULL),(82,'EH CONTENEDOR',22.00,33.00,0.00,36.00,1,15.20,0.00,NULL,NULL),(83,'RESMA DE PAPEL',12.00,10.00,0.00,18.00,1,1.26,0.00,NULL,NULL),(84,'PATINETA ELECTRICA',10.00,9.00,0.00,25.00,1,1.31,0.00,NULL,NULL),(85,'TELEVISOR 50',6.00,48.00,0.00,29.00,1,4.96,0.00,NULL,NULL),(86,'BICICLETA',27.00,53.00,0.00,8.00,1,6.66,0.00,NULL,NULL),(87,'JBL BOX',14.00,14.00,0.00,26.00,1,2.96,0.00,NULL,NULL),(88,'TELEVISOR TCL 50',30.00,50.00,0.00,6.00,1,5.23,0.00,NULL,NULL),(89,'PERRARINA DOG CHOW 33LBS',4.00,21.00,0.00,18.00,1,0.88,0.00,NULL,NULL),(90,'BULTO PAPEL HIGIENICO 45 ROLLOS',13.00,12.00,0.00,23.00,1,2.09,0.00,NULL,NULL),(91,'AIRE ACONDICIONADO PORTATIL TOSHIBA 10 BTU',19.00,35.00,0.00,16.00,1,6.19,0.00,NULL,NULL),(92,'SCOOTER RAZOR',7.00,17.00,0.00,34.00,1,2.35,0.00,NULL,NULL),(93,'PLAYSTATION 5',7.00,17.00,18.00,0.00,1,15.00,0.00,NULL,NULL),(94,'PERRARINA PEDRIGREE 55LBS',7.00,17.00,0.00,24.00,1,1.66,0.00,NULL,NULL),(95,'CAJA PLASTICA 40 GALONES',22.00,16.00,0.00,38.00,1,7.78,0.00,NULL,NULL),(96,'CAJA 18 QUESOS KRAFT ',12.00,16.00,0.00,12.00,1,1.34,0.00,NULL,NULL),(97,'GATARINA 38 LB ',4.00,29.00,0.00,18.00,1,1.21,0.00,NULL,NULL),(98,'TECLADO YAMAHA E463',19.00,40.00,0.00,8.00,1,3.53,0.00,NULL,NULL),(99,'CERVEZA BUDWEISER 26 BOTELLA ALUMINIO ',9.00,9.00,0.00,11.00,1,0.52,0.00,NULL,NULL),(100,'CERVEZA MILLER LITE 24 BOTELLAS ALUMINIO',10.00,7.00,0.00,15.00,1,0.61,0.00,NULL,NULL),(101,'ANTMINER AVALON',8.00,8.00,0.00,17.00,1,0.63,16.00,NULL,NULL),(102,'ANTMINER WHATSMINER M31S+',21.00,13.00,0.00,9.00,1,1.43,29.00,NULL,NULL),(103,'AIRFRAYER GOURMIA 8 QUART',14.00,15.00,0.00,16.00,1,1.95,17.00,NULL,NULL),(104,'CUÑETE PINTURA',12.00,15.00,0.00,12.00,1,1.26,44.00,NULL,NULL),(105,'SILLA GAMER',23.00,35.00,0.00,15.00,1,7.02,45.00,NULL,NULL),(107,'LARGE2',17.00,16.00,0.00,29.00,1,4.59,47.52,NULL,NULL),(108,'MEDIUM1',22.00,16.00,0.00,15.00,1,3.07,31.81,NULL,NULL),(109,'MEDIUM2',18.00,16.00,0.00,18.00,1,3.01,31.23,NULL,NULL),(110,'SMALL',12.00,16.00,0.00,12.00,1,1.34,13.88,NULL,NULL),(111,'LARGE',18.00,24.00,0.00,18.00,1,4.52,46.84,NULL,NULL),(112,'EXTRALARGE',22.00,22.00,0.00,22.00,1,6.19,64.14,NULL,NULL),(113,'LARGE3',16.00,17.00,0.00,28.00,1,4.43,45.88,NULL,NULL),(114,'BOX1',12.00,12.00,0.00,12.00,1,1.00,0.00,NULL,NULL),(115,'BOX2',14.00,14.00,0.00,14.00,1,1.60,0.00,NULL,NULL),(116,'BOX3',16.00,16.00,0.00,16.00,1,2.38,0.00,NULL,NULL),(117,'BOX4',16.00,16.00,0.00,20.00,1,2.98,0.00,NULL,NULL),(118,'BOX5',18.00,18.00,0.00,18.00,1,3.39,0.00,NULL,NULL),(119,'SMALL2',11.00,17.00,0.00,11.00,1,1.20,0.00,NULL,NULL),(120,'CAUCHOS DUNLOP SPORMAX 190/50ZR/1',24.00,8.00,17.00,24.00,1,2.68,27.76,NULL,NULL),(121,'CAUCHOS 235/65R18',29.00,9.00,0.00,29.00,1,4.40,0.00,NULL,NULL);
/*!40000 ALTER TABLE `box` ENABLE KEYS */;
UNLOCK TABLES;

--
-- Table structure for table `box_extra_cost`
--

DROP TABLE IF EXISTS `box_extra_cost`;
/*!40101 SET @saved_cs_client     = @@character_set_client */;
/*!50503 SET character_set_client = utf8mb4 */;
CREATE TABLE `box_extra_cost` (
  `id` int NOT NULL AUTO_INCREMENT,
  `extra_cost_id` int NOT NULL,
  `box_id` int NOT NULL,
  `cost_extra` float(10,2) NOT NULL,
  PRIMARY KEY (`id`)
) ENGINE=InnoDB AUTO_INCREMENT=10 DEFAULT CHARSET=utf8mb4;
/*!40101 SET character_set_client = @saved_cs_client */;

--
-- Dumping data for table `box_extra_cost`
--

LOCK TABLES `box_extra_cost` WRITE;
/*!40000 ALTER TABLE `box_extra_cost` DISABLE KEYS */;
/*!40000 ALTER TABLE `box_extra_cost` ENABLE KEYS */;
UNLOCK TABLES;

--
-- Table structure for table `box_region_cost`
--

DROP TABLE IF EXISTS `box_region_cost`;
/*!40101 SET @saved_cs_client     = @@character_set_client */;
/*!50503 SET character_set_client = utf8mb4 */;
CREATE TABLE `box_region_cost` (
  `id` int NOT NULL AUTO_INCREMENT,
  `trip_id` int NOT NULL,
  `region_id` int NOT NULL,
  `cost` float(10,2) NOT NULL,
  `cost_inter` float(10,2) NOT NULL,
  `tasa` float(10,2) NOT NULL,
  `cost_total` float(10,2) NOT NULL,
  `box_id` int NOT NULL,
  PRIMARY KEY (`id`)
) ENGINE=InnoDB AUTO_INCREMENT=34 DEFAULT CHARSET=utf8mb4;
/*!40101 SET character_set_client = @saved_cs_client */;

--
-- Dumping data for table `box_region_cost`
--

LOCK TABLES `box_region_cost` WRITE;
/*!40000 ALTER TABLE `box_region_cost` DISABLE KEYS */;
/*!40000 ALTER TABLE `box_region_cost` ENABLE KEYS */;
UNLOCK TABLES;

--
-- Table structure for table `box_warehouse`
--

DROP TABLE IF EXISTS `box_warehouse`;
/*!40101 SET @saved_cs_client     = @@character_set_client */;
/*!50503 SET character_set_client = utf8mb4 */;
CREATE TABLE `box_warehouse` (
  `id` int NOT NULL AUTO_INCREMENT,
  `id_box` int NOT NULL,
  `id_warehouse` int NOT NULL,
  PRIMARY KEY (`id`)
) ENGINE=InnoDB AUTO_INCREMENT=161 DEFAULT CHARSET=utf8mb3;
/*!40101 SET character_set_client = @saved_cs_client */;

--
-- Dumping data for table `box_warehouse`
--

LOCK TABLES `box_warehouse` WRITE;
/*!40000 ALTER TABLE `box_warehouse` DISABLE KEYS */;
INSERT INTO `box_warehouse` VALUES (119,8838,5138),(120,8839,5145),(122,8841,5147),(123,8842,5147),(124,8843,5147),(125,8844,5148),(126,8845,5152),(127,8846,5154),(128,8847,5154),(129,8848,5156),(130,8849,5158),(131,8850,5159),(132,8851,5159),(133,8852,5160),(134,8853,5160),(135,8854,5160),(136,8855,5162),(137,8856,5163),(138,8857,5163),(139,8858,5170),(140,8859,5171),(141,8860,5172),(142,8861,5172),(145,8867,5175),(146,8869,5176),(147,8870,5176),(148,8871,5176),(149,8872,5177),(150,8873,5181),(151,8874,5181),(152,8875,5186),(153,8876,5187),(154,8877,5188),(155,8878,5189),(156,8879,5189),(157,8880,5189),(158,8881,5197),(159,8882,5197),(160,8883,5199);
/*!40000 ALTER TABLE `box_warehouse` ENABLE KEYS */;
UNLOCK TABLES;

--
-- Table structure for table `boxes`
--

DROP TABLE IF EXISTS `boxes`;
/*!40101 SET @saved_cs_client     = @@character_set_client */;
/*!50503 SET character_set_client = utf8mb4 */;
CREATE TABLE `boxes` (
  `id` int NOT NULL AUTO_INCREMENT,
  `code` varchar(45) NOT NULL,
  `name` varchar(350) DEFAULT NULL,
  `height` int NOT NULL,
  `width` int NOT NULL,
  `weight` int NOT NULL,
  `lenght` int NOT NULL,
  `description` text,
  `cost` double(10,2) DEFAULT NULL,
  `active` tinyint(1) NOT NULL DEFAULT '1',
  `category_id` int DEFAULT NULL,
  `kg_weight` float(10,2) DEFAULT NULL,
  `cubic_feet` float(10,2) DEFAULT NULL,
  `cubic_m` float(10,2) DEFAULT NULL,
  `lb_vol` float(10,2) DEFAULT NULL,
  `m_vol` float(10,2) DEFAULT NULL,
  `cost_taf_type_trip` float(10,2) NOT NULL,
  `cost_type_trip` float(10,2) NOT NULL,
  `taf_inter_type_trip` float(10,2) DEFAULT NULL,
  `cost_inter_type_trip` float(10,2) DEFAULT NULL,
  `tasa_type_trip` float(10,2) NOT NULL,
  `monto_calculo_type_trip` float(10,2) NOT NULL,
  `cost_total` float(10,2) NOT NULL,
  `ganancia_cost_type_trip` float(10,2) NOT NULL,
  `porcentaje_ganancia_cost_type_trip` float(10,2) NOT NULL,
  `insurance` int DEFAULT NULL,
  `logistica` int DEFAULT NULL,
  `gastosExtra` int DEFAULT NULL,
  `FLAG` int DEFAULT '0',
  PRIMARY KEY (`id`)
) ENGINE=InnoDB AUTO_INCREMENT=8884 DEFAULT CHARSET=utf8mb3;
/*!40101 SET character_set_client = @saved_cs_client */;

--
-- Dumping data for table `boxes`
--

LOCK TABLES `boxes` WRITE;
/*!40000 ALTER TABLE `boxes` DISABLE KEYS */;
INSERT INTO `boxes` VALUES (8837,'0001','name',4,4,4,4,'description',NULL,1,NULL,NULL,NULL,NULL,NULL,NULL,500.00,500.00,NULL,100.00,100.00,100.00,100.00,100.00,100.00,100,10,10,1),(8838,'8838','A3',5,7,20,10,'COMIDA',100.00,1,1,9.07,0.20,0.01,2.11,1.38,12.00,2.44,30.00,0.00,20.00,2.44,6.50,4.06,62.50,0,0,0,0),(8839,'8839','A3',5,7,20,10,'ps5',150.00,1,1,9.07,0.20,0.01,2.11,0.00,3.20,64.00,0.00,0.00,6.00,64.00,184.00,120.00,65.22,0,0,0,0),(8840,'8840','box ',22,16,0,15,'COMIDA',500.00,1,1,0.00,3.06,0.09,31.81,10.82,3.20,101.79,0.00,0.00,6.00,101.79,292.65,190.86,65.22,0,0,0,0),(8841,'8841','N/E',22,16,80,15,'COMIDA',500.00,1,1,36.28,3.06,0.09,31.81,10.82,12.00,36.67,0.00,0.00,20.00,36.67,97.79,61.12,62.50,0,0,0,0),(8842,'8842','N/E',12,12,0,16,'COMIDA',300.00,1,1,0.00,1.33,0.04,13.88,6.49,12.00,16.00,0.00,0.00,20.00,16.00,42.66,26.66,62.50,0,0,0,0),(8843,'8843','N/E',27,17,0,16,'ROPA',350.00,1,1,0.00,4.25,0.12,44.24,13.03,12.00,51.00,0.00,0.00,20.00,51.00,136.00,85.00,62.50,0,0,0,0),(8844,'8844','N/E',10,2,20,2,'celulares',650.00,1,1,9.07,0.02,0.00,0.24,0.02,3.20,64.00,0.00,0.00,6.00,64.00,184.00,120.00,65.22,0,0,0,0),(8845,'8845','N/E',20,16,0,16,'comida',500.00,1,1,0.00,2.96,0.08,30.84,11.54,12.00,35.56,0.00,0.00,20.00,35.56,94.82,59.26,62.50,0,0,0,0),(8846,'8846','N/E',15,16,0,22,'500',500.00,1,1,0.00,3.06,0.09,31.81,15.86,12.00,36.72,0.00,0.00,20.00,36.72,97.92,61.20,62.50,0,0,0,0),(8847,'8847','N/E',12,12,0,16,'COMIDA',300.00,1,1,0.00,1.33,0.04,13.88,6.49,12.00,15.96,0.00,0.00,20.00,15.96,42.56,26.60,62.50,0,0,0,0),(8848,'8848','A3',5,7,20,10,'compras',140.00,1,1,9.07,0.20,0.01,2.11,1.38,3.20,64.00,0.00,0.00,6.00,64.00,184.00,120.00,65.22,0,0,0,0),(8849,'8849','1BA',12,13,0,19,'IPHONE',200.00,1,1,0.00,1.57,0.04,16.37,9.05,12.00,18.86,0.00,0.00,20.00,18.86,50.30,31.44,62.50,0,0,0,0),(8850,'8850','TV 40 SAMSUNG LED CRATE',37,8,0,46,'samsung',500.00,1,1,0.00,7.88,0.22,82.02,8.29,12.00,94.56,0.00,0.00,20.00,94.56,252.16,157.60,62.50,0,0,0,0),(8851,'8851','SILLA GAMER',35,23,0,15,'silla pink',500.00,1,1,0.00,6.99,0.20,72.74,22.35,12.00,83.86,0.00,0.00,20.00,83.86,223.62,139.76,62.50,0,0,0,0),(8852,'8852','D CONTENEDOR',45,41,0,58,'contenedor',150.00,1,1,0.00,61.93,1.75,644.64,274.64,12.00,743.12,0.00,0.00,20.00,743.12,1981.66,1238.54,62.50,0,0,0,0),(8853,'8853','TELEVISOR SAMSUMG UHDTV 65',38,7,0,62,'televisor',100.00,1,1,0.00,9.54,0.27,99.35,8.56,12.00,114.53,0.00,0.00,20.00,114.53,305.41,190.88,62.50,0,0,0,0),(8854,'8854','A3',5,7,20,10,'mercancia general',150.00,1,1,9.07,0.20,0.01,2.11,1.38,12.00,2.44,0.00,0.00,20.00,2.44,6.50,4.06,62.50,0,0,0,0),(8855,'8855','A3',5,7,20,10,'CAJA A3',150.00,1,1,9.07,0.20,0.01,2.11,1.38,3.20,64.00,0.00,0.00,6.00,64.00,184.00,120.00,65.22,0,0,0,0),(8856,'8856','TEK STAR SYNTHETIC BLEND  20W50  API SN 12-1Q',9,10,22,13,'TEK',100.00,1,1,9.98,0.68,0.02,7.05,3.66,12.00,8.12,0.00,0.00,20.00,8.12,21.66,13.54,62.50,0,0,0,0),(8857,'8857','A7',8,9,0,15,'CAJA A7',150.00,1,1,0.00,0.45,0.01,4.72,2.95,12.00,5.45,0.00,0.00,20.00,5.45,14.53,9.08,62.50,0,0,0,0),(8858,'8858','TV 40 SAMSUNG LED',24,6,0,44,'descrpcion',150.00,1,1,0.00,3.67,0.10,38.17,4.46,12.00,44.00,0.00,0.00,20.00,44.00,117.34,73.34,62.50,0,0,0,0),(8859,'8859','N/E',15,16,0,16,'COMIDA',600.00,1,1,0.00,2.22,0.06,23.13,11.54,12.00,26.64,0.00,0.00,20.00,26.64,71.04,44.40,62.50,0,0,0,0),(8860,'8860','N/E',15,16,0,22,'COMIDA',650.00,1,1,0.00,3.06,0.09,31.81,15.86,12.00,36.67,0.00,0.00,20.00,36.67,60.00,24.45,40.00,0,0,0,0),(8861,'8861','N/E',12,12,0,16,'COMIDA',350.00,1,1,0.00,1.33,0.04,13.88,6.49,12.00,16.00,0.00,0.00,20.00,16.00,26.66,10.66,40.00,0,0,0,0),(8865,'8865','N/E',12,12,0,16,'COMIDA',540.00,1,1,0.00,1.33,0.04,13.88,6.49,12.00,15.96,0.00,0.00,20.00,15.96,42.56,26.60,62.50,0,0,0,0),(8866,'8866','N/E',16,15,0,22,'COMIDA',54.00,1,1,0.00,3.06,0.09,31.81,13.94,12.00,36.72,0.00,0.00,20.00,36.72,97.92,61.20,62.50,0,0,0,0),(8867,'8867','PERRARINA OL ROY 50LB',11,16,50,19,'perrarina',140.00,1,1,22.68,1.94,0.05,20.14,13.70,3.20,160.00,0.00,0.00,6.00,160.00,460.00,300.00,65.22,0,0,0,0),(8869,'8869','N/E',15,16,0,22,'600',600.00,1,2,0.00,3.06,0.09,31.81,15.86,12.00,36.67,0.00,0.00,20.00,36.67,61.12,24.45,40.00,0,0,0,0),(8870,'8870','TELEVISOR TLC 32',20,5,0,31,'televisor',500.00,1,2,0.00,1.79,0.05,18.68,2.18,12.00,21.53,0.00,0.00,20.00,21.53,57.41,35.88,62.50,0,0,0,0),(8871,'8871','TELEVISOR SAMSUNG 65',7,38,0,62,'televisor',500.00,1,2,0.00,9.54,0.27,99.35,252.19,12.00,114.53,0.00,0.00,20.00,114.53,305.41,190.88,62.50,0,0,0,0),(8872,'8872','CAUCHO 17 255/65/R17',9,28,30,28,'CAUCHO',200.00,1,1,13.61,4.08,0.12,42.51,61.84,3.20,136.02,0.00,0.00,6.00,255.04,136.02,119.02,46.67,0,0,0,0),(8873,'8873','MEDIUM1',16,22,0,15,'COMIDA',600.00,1,1,0.00,3.06,0.09,31.81,20.45,12.00,36.67,0.00,0.00,20.00,60.00,36.67,23.33,38.88,0,0,0,0),(8874,'8874','N/E',15,16,0,22,'COMIDA',543.00,1,1,0.00,3.06,0.09,31.81,15.86,12.00,36.67,0.00,0.00,20.00,61.12,36.67,24.45,40.00,0,0,0,0),(8875,'8875','PHILLIPS 66 SAE CONVEN. 20W50 BOX',9,10,25,13,'caja de pruba',150.00,1,1,11.11,0.68,0.02,7.05,3.66,3.20,76.80,0.00,0.00,6.00,220.80,76.80,144.00,65.22,0,0,0,0),(8876,'8876','N/E',15,16,0,22,'comida',400.00,1,1,0.00,3.06,0.09,31.81,15.86,12.00,36.72,0.00,0.00,20.00,36.72,97.92,61.20,62.50,0,0,0,0),(8877,'8877','D CONTENEDOR',45,41,9,58,'contenrdor',60000.00,1,1,4.08,61.93,1.75,644.64,274.64,12.00,743.16,0.00,0.00,20.00,743.16,1238.60,495.44,40.00,0,0,0,0),(8878,'8878','N/E',12,12,0,16,'COMIDA',600.00,1,1,0.00,1.33,0.04,13.88,6.49,12.00,16.00,0.00,0.00,20.00,30.00,16.00,14.00,46.68,0,0,0,0),(8879,'8879','',15,16,0,22,'ROPA, LENCERIA, COMIDA',433.00,1,1,0.00,3.06,0.86,31.81,0.00,20.00,36.67,0.00,0.00,12.00,60.00,36.67,23.33,38.88,0,0,0,0),(8880,'8880','N/E',15,16,0,22,'COMIDA',323.00,1,1,0.00,3.06,0.09,31.81,15.86,12.00,36.67,0.00,0.00,20.00,61.12,36.67,24.45,40.00,0,0,0,0),(8881,'8881','PERRARINA OL ROY 50LB',16,15,50,22,'comida',600.00,1,1,22.68,3.06,0.09,31.81,13.94,12.00,36.67,0.00,0.00,20.00,36.67,61.12,24.45,40.00,0,0,0,0),(8882,'8882','N/E',12,12,0,16,'comida',35.00,1,1,0.00,1.33,0.04,13.88,6.49,12.00,16.00,0.00,0.00,20.00,16.00,26.66,10.66,40.00,0,0,0,0),(8883,'8883','',15,22,0,16,'comida',600.00,1,1,0.00,3.06,0.09,31.81,0.00,12.00,36.67,0.00,0.00,20.00,36.67,60.00,23.33,38.88,0,0,0,0);
/*!40000 ALTER TABLE `boxes` ENABLE KEYS */;
UNLOCK TABLES;

--
-- Table structure for table `categories`
--

DROP TABLE IF EXISTS `categories`;
/*!40101 SET @saved_cs_client     = @@character_set_client */;
/*!50503 SET character_set_client = utf8mb4 */;
CREATE TABLE `categories` (
  `id` int NOT NULL AUTO_INCREMENT,
  `name` varchar(45) NOT NULL,
  `active` tinyint(1) NOT NULL DEFAULT '1',
  PRIMARY KEY (`id`)
) ENGINE=InnoDB AUTO_INCREMENT=20 DEFAULT CHARSET=utf8mb3;
/*!40101 SET character_set_client = @saved_cs_client */;

--
-- Dumping data for table `categories`
--

LOCK TABLES `categories` WRITE;
/*!40000 ALTER TABLE `categories` DISABLE KEYS */;
INSERT INTO `categories` VALUES (1,'COMIDA',1),(2,'ELECTRONICA',1),(3,'ROPA',1),(4,'LICOR',1),(5,'MEDICINAS',1),(6,'OTROS',1),(7,'ANTMINER',1),(8,'ACEITES',1),(9,'REPUESTOS',1),(10,'JUGUETES',1),(11,'COSMETICOS',1),(12,'ASEO PERSONAL',1),(13,'CONGELADOS',1);
/*!40000 ALTER TABLE `categories` ENABLE KEYS */;
UNLOCK TABLES;

--
-- Table structure for table `cities`
--

DROP TABLE IF EXISTS `cities`;
/*!40101 SET @saved_cs_client     = @@character_set_client */;
/*!50503 SET character_set_client = utf8mb4 */;
CREATE TABLE `cities` (
  `id` int NOT NULL AUTO_INCREMENT,
  `name` varchar(200) NOT NULL,
  `region_id` int NOT NULL,
  `state_id` int NOT NULL,
  `country` int NOT NULL,
  PRIMARY KEY (`id`)
) ENGINE=InnoDB AUTO_INCREMENT=66 DEFAULT CHARSET=utf8mb4;
/*!40101 SET character_set_client = @saved_cs_client */;

--
-- Dumping data for table `cities`
--

LOCK TABLES `cities` WRITE;
/*!40000 ALTER TABLE `cities` DISABLE KEYS */;
INSERT INTO `cities` VALUES (11,'PUERTO ORDAZ',1,6,1),(12,'CIUDAD BOLIVAR',1,6,1),(13,'PUERTO LA CRUZ',1,2,1),(14,'EL TIGRE',1,2,1),(15,'ANACO',1,2,1),(16,'CARACAS',3,24,1),(17,'VALENCIA',3,7,1),(18,'MARACAY',3,4,1),(19,'SAN CRISTOBAL',2,19,1),(20,'BARQUISIMETO',4,12,1),(21,'SAN MATEO',1,2,1),(22,'SAN FERNANDO',2,3,1),(23,'CUA',3,4,1),(24,'CAGUA',3,4,1),(25,'TURMERO',3,4,1),(26,'VILLA DE CURA',3,4,1),(27,'BARINAS',2,5,1),(28,'PUERTO CABELLO',3,7,1),(29,'MARIARA',3,7,1),(30,'SAN CARLOS',4,8,1),(31,'TINAQUILLO',4,8,1),(32,'CORO',2,10,1),(34,'PUNTO FIJO',2,10,1),(35,'PUERTO CUMAREO',2,10,1),(36,'YARACAL',2,10,1),(37,'CABUDARE',4,12,1),(38,'MERIDA',2,13,1),(39,'EL VIGIA',2,13,1),(40,'LOS TEQUES',3,14,1),(41,'GUATIRE',3,14,1),(42,'GUARENAS',3,14,1),(43,'SAN ANTONIO DE LOS ALTOS',3,14,1),(44,'MATURIN',1,15,1),(45,'MARGARITA',1,16,1),(46,'GUANARE',2,17,1),(47,'ACARIGUA',2,17,1),(48,'TUREN',2,17,1),(49,'ARAURE',2,17,1),(50,'CUMANA',1,18,1),(51,'CARUPANO',1,18,1),(52,'TARIBA',2,19,1),(53,'VALERA',2,20,1),(54,'TRUJILLO',2,20,1),(55,'BOCONO',2,20,1),(56,'CARABALLEDA',3,21,1),(57,'LA GUAIRA',3,21,1),(58,'MAIQUETIA',3,21,1),(59,'CATIA LA MAR',3,21,1),(60,'SAN FELIPE',4,22,1),(61,'CHIVACOA',4,22,1),(62,'MARACAIBO',2,23,1),(63,'CIUDAD OJEDA',2,23,1),(64,'CABIMAS',2,23,1),(65,'COSTA ORIENTAL DEL LAGO',2,23,1);
/*!40000 ALTER TABLE `cities` ENABLE KEYS */;
UNLOCK TABLES;

--
-- Table structure for table `ciudades`
--

DROP TABLE IF EXISTS `ciudades`;
/*!40101 SET @saved_cs_client     = @@character_set_client */;
/*!50503 SET character_set_client = utf8mb4 */;
CREATE TABLE `ciudades` (
  `id_ciudad` int NOT NULL AUTO_INCREMENT,
  `id_estado` int NOT NULL,
  `ciudad` varchar(200) NOT NULL,
  `capital` tinyint(1) NOT NULL DEFAULT '0',
  PRIMARY KEY (`id_ciudad`),
  KEY `id_estado` (`id_estado`),
  CONSTRAINT `ciudades_ibfk_1` FOREIGN KEY (`id_estado`) REFERENCES `estados` (`id_estado`) ON DELETE CASCADE ON UPDATE CASCADE
) ENGINE=InnoDB AUTO_INCREMENT=523 DEFAULT CHARSET=utf8mb3;
/*!40101 SET character_set_client = @saved_cs_client */;

--
-- Dumping data for table `ciudades`
--

LOCK TABLES `ciudades` WRITE;
/*!40000 ALTER TABLE `ciudades` DISABLE KEYS */;
INSERT INTO `ciudades` VALUES (4,2,'Anaco',0),(5,2,'Aragua de Barcelona',0),(6,2,'Barcelona',1),(7,2,'Boca de Uchire',0),(8,2,'Cantaura',0),(9,2,'Clarines',0),(10,2,'El Chaparro',0),(11,2,'El Pao Anzoátegui',0),(12,2,'El Tigre',0),(13,2,'El Tigrito',0),(14,2,'Guanape',0),(15,2,'Guanta',0),(16,2,'Lechería',0),(17,2,'Onoto',0),(18,2,'Pariaguán',0),(19,2,'Píritu',0),(20,2,'Puerto La Cruz',0),(21,2,'Puerto Píritu',0),(22,2,'Sabana de Uchire',0),(23,2,'San Mateo Anzoátegui',0),(24,2,'San Pablo Anzoátegui',0),(25,2,'San Tomé',0),(26,2,'Santa Ana de Anzoátegui',0),(27,2,'Santa Fe Anzoátegui',0),(28,2,'Santa Rosa',0),(29,2,'Soledad',0),(30,2,'Urica',0),(31,2,'Valle de Guanape',0),(43,3,'Achaguas',0),(44,3,'Biruaca',0),(45,3,'Bruzual',0),(46,3,'El Amparo',0),(47,3,'El Nula',0),(48,3,'Elorza',0),(49,3,'Guasdualito',0),(50,3,'Mantecal',0),(51,3,'Puerto Páez',0),(52,3,'San Fernando de Apure',1),(53,3,'San Juan de Payara',0),(54,4,'Barbacoas',0),(55,4,'Cagua',0),(56,4,'Camatagua',0),(58,4,'Choroní',0),(59,4,'Colonia Tovar',0),(60,4,'El Consejo',0),(61,4,'La Victoria',0),(62,4,'Las Tejerías',0),(63,4,'Magdaleno',0),(64,4,'Maracay',1),(65,4,'Ocumare de La Costa',0),(66,4,'Palo Negro',0),(67,4,'San Casimiro',0),(68,4,'San Mateo',0),(69,4,'San Sebastián',0),(70,4,'Santa Cruz de Aragua',0),(71,4,'Tocorón',0),(72,4,'Turmero',0),(73,4,'Villa de Cura',0),(74,4,'Zuata',0),(75,5,'Barinas',1),(76,5,'Barinitas',0),(77,5,'Barrancas',0),(78,5,'Calderas',0),(79,5,'Capitanejo',0),(80,5,'Ciudad Bolivia',0),(81,5,'El Cantón',0),(82,5,'Las Veguitas',0),(83,5,'Libertad de Barinas',0),(84,5,'Sabaneta',0),(85,5,'Santa Bárbara de Barinas',0),(86,5,'Socopó',0),(87,6,'Caicara del Orinoco',0),(88,6,'Canaima',0),(89,6,'Ciudad Bolívar',1),(90,6,'Ciudad Piar',0),(91,6,'El Callao',0),(92,6,'El Dorado',0),(93,6,'El Manteco',0),(94,6,'El Palmar',0),(95,6,'El Pao',0),(96,6,'Guasipati',0),(97,6,'Guri',0),(98,6,'La Paragua',0),(99,6,'Matanzas',0),(100,6,'Puerto Ordaz',0),(101,6,'San Félix',0),(102,6,'Santa Elena de Uairén',0),(103,6,'Tumeremo',0),(104,6,'Unare',0),(105,6,'Upata',0),(106,7,'Bejuma',0),(107,7,'Belén',0),(108,7,'Campo de Carabobo',0),(109,7,'Canoabo',0),(110,7,'Central Tacarigua',0),(111,7,'Chirgua',0),(112,7,'Ciudad Alianza',0),(113,7,'El Palito',0),(114,7,'Guacara',0),(115,7,'Guigue',0),(116,7,'Las Trincheras',0),(117,7,'Los Guayos',0),(118,7,'Mariara',0),(119,7,'Miranda',0),(120,7,'Montalbán',0),(121,7,'Morón',0),(122,7,'Naguanagua',0),(123,7,'Puerto Cabello',0),(124,7,'San Joaquín',0),(125,7,'Tocuyito',0),(126,7,'Urama',0),(127,7,'Valencia',1),(128,7,'Vigirimita',0),(129,8,'Aguirre',0),(130,8,'Apartaderos Cojedes',0),(131,8,'Arismendi',0),(132,8,'Camuriquito',0),(133,8,'El Baúl',0),(134,8,'El Limón',0),(135,8,'El Pao Cojedes',0),(136,8,'El Socorro',0),(137,8,'La Aguadita',0),(138,8,'Las Vegas',0),(139,8,'Libertad de Cojedes',0),(140,8,'Mapuey',0),(141,8,'Piñedo',0),(142,8,'Samancito',0),(143,8,'San Carlos',1),(144,8,'Sucre',0),(145,8,'Tinaco',0),(146,8,'Tinaquillo',0),(147,8,'Vallecito',0),(148,9,'Tucupita',1),(149,24,'Caracas',1),(150,24,'El Junquito',0),(151,10,'Adícora',0),(152,10,'Boca de Aroa',0),(153,10,'Cabure',0),(154,10,'Capadare',0),(155,10,'Capatárida',0),(156,10,'Chichiriviche',0),(157,10,'Churuguara',0),(158,10,'Coro',1),(159,10,'Cumarebo',0),(160,10,'Dabajuro',0),(161,10,'Judibana',0),(162,10,'La Cruz de Taratara',0),(163,10,'La Vela de Coro',0),(164,10,'Los Taques',0),(165,10,'Maparari',0),(166,10,'Mene de Mauroa',0),(167,10,'Mirimire',0),(168,10,'Pedregal',0),(169,10,'Píritu Falcón',0),(170,10,'Pueblo Nuevo Falcón',0),(171,10,'Puerto Cumarebo',0),(172,10,'Punta Cardón',0),(173,10,'Punto Fijo',0),(174,10,'San Juan de Los Cayos',0),(175,10,'San Luis',0),(176,10,'Santa Ana Falcón',0),(177,10,'Santa Cruz De Bucaral',0),(178,10,'Tocopero',0),(179,10,'Tocuyo de La Costa',0),(180,10,'Tucacas',0),(181,10,'Yaracal',0),(182,11,'Altagracia de Orituco',0),(183,11,'Cabruta',0),(184,11,'Calabozo',0),(185,11,'Camaguán',0),(196,11,'Chaguaramas Guárico',0),(197,11,'El Socorro',0),(198,11,'El Sombrero',0),(199,11,'Las Mercedes de Los Llanos',0),(200,11,'Lezama',0),(201,11,'Onoto',0),(202,11,'Ortíz',0),(203,11,'San José de Guaribe',0),(204,11,'San Juan de Los Morros',1),(205,11,'San Rafael de Laya',0),(206,11,'Santa María de Ipire',0),(207,11,'Tucupido',0),(208,11,'Valle de La Pascua',0),(209,11,'Zaraza',0),(210,12,'Aguada Grande',0),(211,12,'Atarigua',0),(212,12,'Barquisimeto',1),(213,12,'Bobare',0),(214,12,'Cabudare',0),(215,12,'Carora',0),(216,12,'Cubiro',0),(217,12,'Cují',0),(218,12,'Duaca',0),(219,12,'El Manzano',0),(220,12,'El Tocuyo',0),(221,12,'Guaríco',0),(222,12,'Humocaro Alto',0),(223,12,'Humocaro Bajo',0),(224,12,'La Miel',0),(225,12,'Moroturo',0),(226,12,'Quíbor',0),(227,12,'Río Claro',0),(228,12,'Sanare',0),(229,12,'Santa Inés',0),(230,12,'Sarare',0),(231,12,'Siquisique',0),(232,12,'Tintorero',0),(233,13,'Apartaderos Mérida',0),(234,13,'Arapuey',0),(235,13,'Bailadores',0),(236,13,'Caja Seca',0),(237,13,'Canaguá',0),(238,13,'Chachopo',0),(239,13,'Chiguara',0),(240,13,'Ejido',0),(241,13,'El Vigía',0),(242,13,'La Azulita',0),(243,13,'La Playa',0),(244,13,'Lagunillas Mérida',0),(245,13,'Mérida',1),(246,13,'Mesa de Bolívar',0),(247,13,'Mucuchíes',0),(248,13,'Mucujepe',0),(249,13,'Mucuruba',0),(250,13,'Nueva Bolivia',0),(251,13,'Palmarito',0),(252,13,'Pueblo Llano',0),(253,13,'Santa Cruz de Mora',0),(254,13,'Santa Elena de Arenales',0),(255,13,'Santo Domingo',0),(256,13,'Tabáy',0),(257,13,'Timotes',0),(258,13,'Torondoy',0),(259,13,'Tovar',0),(260,13,'Tucani',0),(261,13,'Zea',0),(262,14,'Araguita',0),(263,14,'Carrizal',0),(264,14,'Caucagua',0),(265,14,'Chaguaramas Miranda',0),(266,14,'Charallave',0),(267,14,'Chirimena',0),(268,14,'Chuspa',0),(269,14,'Cúa',0),(270,14,'Cupira',0),(271,14,'Curiepe',0),(272,14,'El Guapo',0),(273,14,'El Jarillo',0),(274,14,'Filas de Mariche',0),(275,14,'Guarenas',0),(276,14,'Guatire',0),(277,14,'Higuerote',0),(278,14,'Los Anaucos',0),(279,14,'Los Teques',1),(280,14,'Ocumare del Tuy',0),(281,14,'Panaquire',0),(282,14,'Paracotos',0),(283,14,'Río Chico',0),(284,14,'San Antonio de Los Altos',0),(285,14,'San Diego de Los Altos',0),(286,14,'San Fernando del Guapo',0),(287,14,'San Francisco de Yare',0),(288,14,'San José de Los Altos',0),(289,14,'San José de Río Chico',0),(290,14,'San Pedro de Los Altos',0),(291,14,'Santa Lucía',0),(292,14,'Santa Teresa',0),(293,14,'Tacarigua de La Laguna',0),(294,14,'Tacarigua de Mamporal',0),(295,14,'Tácata',0),(296,14,'Turumo',0),(297,15,'Aguasay',0),(298,15,'Aragua de Maturín',0),(299,15,'Barrancas del Orinoco',0),(300,15,'Caicara de Maturín',0),(301,15,'Caripe',0),(302,15,'Caripito',0),(303,15,'Chaguaramal',0),(305,15,'Chaguaramas Monagas',0),(307,15,'El Furrial',0),(308,15,'El Tejero',0),(309,15,'Jusepín',0),(310,15,'La Toscana',0),(311,15,'Maturín',1),(312,15,'Miraflores',0),(313,15,'Punta de Mata',0),(314,15,'Quiriquire',0),(315,15,'San Antonio de Maturín',0),(316,15,'San Vicente Monagas',0),(317,15,'Santa Bárbara',0),(318,15,'Temblador',0),(319,15,'Teresen',0),(320,15,'Uracoa',0),(321,16,'Altagracia',0),(322,16,'Boca de Pozo',0),(323,16,'Boca de Río',0),(324,16,'El Espinal',0),(325,16,'El Valle del Espíritu Santo',0),(326,16,'El Yaque',0),(327,16,'Juangriego',0),(328,16,'La Asunción',1),(329,16,'La Guardia',0),(330,16,'Pampatar',0),(331,16,'Porlamar',0),(332,16,'Puerto Fermín',0),(333,16,'Punta de Piedras',0),(334,16,'San Francisco de Macanao',0),(335,16,'San Juan Bautista',0),(336,16,'San Pedro de Coche',0),(337,16,'Santa Ana de Nueva Esparta',0),(338,16,'Villa Rosa',0),(339,17,'Acarigua',0),(340,17,'Agua Blanca',0),(341,17,'Araure',0),(342,17,'Biscucuy',0),(343,17,'Boconoito',0),(344,17,'Campo Elías',0),(345,17,'Chabasquén',0),(346,17,'Guanare',1),(347,17,'Guanarito',0),(348,17,'La Aparición',0),(349,17,'La Misión',0),(350,17,'Mesa de Cavacas',0),(351,17,'Ospino',0),(352,17,'Papelón',0),(353,17,'Payara',0),(354,17,'Pimpinela',0),(355,17,'Píritu de Portuguesa',0),(356,17,'San Rafael de Onoto',0),(357,17,'Santa Rosalía',0),(358,17,'Turén',0),(359,18,'Altos de Sucre',0),(360,18,'Araya',0),(361,18,'Cariaco',0),(362,18,'Carúpano',0),(363,18,'Casanay',0),(364,18,'Cumaná',1),(365,18,'Cumanacoa',0),(366,18,'El Morro Puerto Santo',0),(367,18,'El Pilar',0),(368,18,'El Poblado',0),(369,18,'Guaca',0),(370,18,'Guiria',0),(371,18,'Irapa',0),(372,18,'Manicuare',0),(373,18,'Mariguitar',0),(374,18,'Río Caribe',0),(375,18,'San Antonio del Golfo',0),(376,18,'San José de Aerocuar',0),(377,18,'San Vicente de Sucre',0),(378,18,'Santa Fe de Sucre',0),(379,18,'Tunapuy',0),(380,18,'Yaguaraparo',0),(381,18,'Yoco',0),(382,19,'Abejales',0),(383,19,'Borota',0),(384,19,'Bramon',0),(385,19,'Capacho',0),(386,19,'Colón',0),(387,19,'Coloncito',0),(388,19,'Cordero',0),(389,19,'El Cobre',0),(390,19,'El Pinal',0),(391,19,'Independencia',0),(392,19,'La Fría',0),(393,19,'La Grita',0),(394,19,'La Pedrera',0),(395,19,'La Tendida',0),(396,19,'Las Delicias',0),(397,19,'Las Hernández',0),(398,19,'Lobatera',0),(399,19,'Michelena',0),(400,19,'Palmira',0),(401,19,'Pregonero',0),(402,19,'Queniquea',0),(403,19,'Rubio',0),(404,19,'San Antonio del Tachira',0),(405,19,'San Cristobal',1),(406,19,'San José de Bolívar',0),(407,19,'San Josecito',0),(408,19,'San Pedro del Río',0),(409,19,'Santa Ana Táchira',0),(410,19,'Seboruco',0),(411,19,'Táriba',0),(412,19,'Umuquena',0),(413,19,'Ureña',0),(414,20,'Batatal',0),(415,20,'Betijoque',0),(416,20,'Boconó',0),(417,20,'Carache',0),(418,20,'Chejende',0),(419,20,'Cuicas',0),(420,20,'El Dividive',0),(421,20,'El Jaguito',0),(422,20,'Escuque',0),(423,20,'Isnotú',0),(424,20,'Jajó',0),(425,20,'La Ceiba',0),(426,20,'La Concepción de Trujllo',0),(427,20,'La Mesa de Esnujaque',0),(428,20,'La Puerta',0),(429,20,'La Quebrada',0),(430,20,'Mendoza Fría',0),(431,20,'Meseta de Chimpire',0),(432,20,'Monay',0),(433,20,'Motatán',0),(434,20,'Pampán',0),(435,20,'Pampanito',0),(436,20,'Sabana de Mendoza',0),(437,20,'San Lázaro',0),(438,20,'Santa Ana de Trujillo',0),(439,20,'Tostós',0),(440,20,'Trujillo',1),(441,20,'Valera',0),(442,21,'Carayaca',0),(443,21,'Litoral',0),(444,25,'Archipiélago Los Roques',0),(445,22,'Aroa',0),(446,22,'Boraure',0),(447,22,'Campo Elías de Yaracuy',0),(448,22,'Chivacoa',0),(449,22,'Cocorote',0),(450,22,'Farriar',0),(451,22,'Guama',0),(452,22,'Marín',0),(453,22,'Nirgua',0),(454,22,'Sabana de Parra',0),(455,22,'Salom',0),(456,22,'San Felipe',1),(457,22,'San Pablo de Yaracuy',0),(458,22,'Urachiche',0),(459,22,'Yaritagua',0),(460,22,'Yumare',0),(461,23,'Bachaquero',0),(462,23,'Bobures',0),(463,23,'Cabimas',0),(464,23,'Campo Concepción',0),(465,23,'Campo Mara',0),(466,23,'Campo Rojo',0),(467,23,'Carrasquero',0),(468,23,'Casigua',0),(469,23,'Chiquinquirá',0),(470,23,'Ciudad Ojeda',0),(471,23,'El Batey',0),(472,23,'El Carmelo',0),(473,23,'El Chivo',0),(474,23,'El Guayabo',0),(475,23,'El Mene',0),(476,23,'El Venado',0),(477,23,'Encontrados',0),(478,23,'Gibraltar',0),(479,23,'Isla de Toas',0),(480,23,'La Concepción del Zulia',0),(481,23,'La Paz',0),(482,23,'La Sierrita',0),(483,23,'Lagunillas del Zulia',0),(484,23,'Las Piedras de Perijá',0),(485,23,'Los Cortijos',0),(486,23,'Machiques',0),(487,23,'Maracaibo',1),(488,23,'Mene Grande',0),(489,23,'Palmarejo',0),(490,23,'Paraguaipoa',0),(491,23,'Potrerito',0),(492,23,'Pueblo Nuevo del Zulia',0),(493,23,'Puertos de Altagracia',0),(494,23,'Punta Gorda',0),(495,23,'Sabaneta de Palma',0),(496,23,'San Francisco',0),(497,23,'San José de Perijá',0),(498,23,'San Rafael del Moján',0),(499,23,'San Timoteo',0),(500,23,'Santa Bárbara Del Zulia',0),(501,23,'Santa Cruz de Mara',0),(502,23,'Santa Cruz del Zulia',0),(503,23,'Santa Rita',0),(504,23,'Sinamaica',0),(505,23,'Tamare',0),(506,23,'Tía Juana',0),(507,23,'Villa del Rosario',0),(508,21,'La Guaira',1),(509,21,'Catia La Mar',0),(510,21,'Macuto',0),(511,21,'Naiguatá',0),(512,25,'Archipiélago Los Monjes',0),(513,25,'Isla La Tortuga y Cayos adyacentes',0),(514,25,'Isla La Sola',0),(515,25,'Islas Los Testigos',0),(516,25,'Islas Los Frailes',0),(517,25,'Isla La Orchila',0),(518,25,'Archipiélago Las Aves',0),(519,25,'Isla de Aves',0),(520,25,'Isla La Blanquilla',0),(521,25,'Isla de Patos',0),(522,25,'Islas Los Hermanos',0);
/*!40000 ALTER TABLE `ciudades` ENABLE KEYS */;
UNLOCK TABLES;

--
-- Table structure for table `contactos`
--

DROP TABLE IF EXISTS `contactos`;
/*!40101 SET @saved_cs_client     = @@character_set_client */;
/*!50503 SET character_set_client = utf8mb4 */;
CREATE TABLE `contactos` (
  `id` int NOT NULL AUTO_INCREMENT,
  `nombre` varchar(150) NOT NULL,
  `telefono` varchar(50) NOT NULL,
  `email` varchar(150) NOT NULL,
  `nota` varchar(150) NOT NULL,
  PRIMARY KEY (`id`)
) ENGINE=InnoDB DEFAULT CHARSET=utf8mb4;
/*!40101 SET character_set_client = @saved_cs_client */;

--
-- Dumping data for table `contactos`
--

LOCK TABLES `contactos` WRITE;
/*!40000 ALTER TABLE `contactos` DISABLE KEYS */;
/*!40000 ALTER TABLE `contactos` ENABLE KEYS */;
UNLOCK TABLES;

--
-- Table structure for table `cost_concept`
--

DROP TABLE IF EXISTS `cost_concept`;
/*!40101 SET @saved_cs_client     = @@character_set_client */;
/*!50503 SET character_set_client = utf8mb4 */;
CREATE TABLE `cost_concept` (
  `id` int NOT NULL AUTO_INCREMENT,
  `name` varchar(250) NOT NULL,
  `cost` decimal(10,0) NOT NULL,
  `SIGLAS` varchar(5) NOT NULL,
  PRIMARY KEY (`id`)
) ENGINE=InnoDB AUTO_INCREMENT=10 DEFAULT CHARSET=utf8mb4;
/*!40101 SET character_set_client = @saved_cs_client */;

--
-- Dumping data for table `cost_concept`
--

LOCK TABLES `cost_concept` WRITE;
/*!40000 ALTER TABLE `cost_concept` DISABLE KEYS */;
INSERT INTO `cost_concept` VALUES (1,'REEMPAQUE Y CONSOLIDADO',0,'RC'),(2,'PICK UP',10,'P'),(3,'LOGISTICA DE COMPRA',2,'LC'),(4,'COMPRA',3,'C'),(5,'HANDLER FREIGHT',21,'HF'),(6,'FEE FREIGHT',20,'FF'),(7,'INSURANCE',15,'I'),(8,'EXTRA CHARGES',15,'EC'),(9,'PACKING BOXES',20,'PB');
/*!40000 ALTER TABLE `cost_concept` ENABLE KEYS */;
UNLOCK TABLES;

--
-- Table structure for table `countries`
--

DROP TABLE IF EXISTS `countries`;
/*!40101 SET @saved_cs_client     = @@character_set_client */;
/*!50503 SET character_set_client = utf8mb4 */;
CREATE TABLE `countries` (
  `id` int NOT NULL AUTO_INCREMENT,
  `name` varchar(45) NOT NULL,
  `id_region` int NOT NULL,
  `active` tinyint(1) NOT NULL DEFAULT '1',
  PRIMARY KEY (`id`)
) ENGINE=InnoDB AUTO_INCREMENT=11 DEFAULT CHARSET=utf8mb3;
/*!40101 SET character_set_client = @saved_cs_client */;

--
-- Dumping data for table `countries`
--

LOCK TABLES `countries` WRITE;
/*!40000 ALTER TABLE `countries` DISABLE KEYS */;
INSERT INTO `countries` VALUES (1,'VENEZUELA',1,1),(2,'CHILE',1,1),(3,'COLOMBIA',1,1),(4,'MEXICO',1,1),(5,'PANAMA',1,1),(6,'USA',1,1),(7,'ARGENTINA',2,1);
/*!40000 ALTER TABLE `countries` ENABLE KEYS */;
UNLOCK TABLES;

--
-- Table structure for table `countries_register`
--

DROP TABLE IF EXISTS `countries_register`;
/*!40101 SET @saved_cs_client     = @@character_set_client */;
/*!50503 SET character_set_client = utf8mb4 */;
CREATE TABLE `countries_register` (
  `id` int NOT NULL AUTO_INCREMENT,
  `name` varchar(200) NOT NULL,
  PRIMARY KEY (`id`)
) ENGINE=InnoDB AUTO_INCREMENT=127 DEFAULT CHARSET=utf8mb4;
/*!40101 SET character_set_client = @saved_cs_client */;

--
-- Dumping data for table `countries_register`
--

LOCK TABLES `countries_register` WRITE;
/*!40000 ALTER TABLE `countries_register` DISABLE KEYS */;
INSERT INTO `countries_register` VALUES (1,'VENEZUELA'),(2,'AFGANISTAN'),(3,'ALBANIA'),(4,'ALEMANIA'),(5,'ANDORRA'),(6,'ANGOLA'),(7,'ANTIGUA Y BARBUDA'),(8,'ARABIA SAUDITA'),(9,'ARGELIA'),(10,'ARGENTINA'),(11,'ARMENIA'),(12,'AUSTRALIA'),(13,'AUSTRIA'),(14,'AZERBAIYAN'),(15,'BAHAMAS'),(16,'BANGLADES'),(17,'BARBADOS'),(18,'BAREIN'),(19,'BÉLGICA'),(20,'BELICE'),(21,'BENIN'),(22,'BIELORRUSIA'),(23,'BIRMANIA'),(24,'BOLIVIA'),(25,'BOSNIA'),(26,'BOTSUANA'),(27,'BRASIL'),(28,'BRUNEI'),(29,'BULGARIA'),(30,'BURKINA'),(31,'BURUNDI'),(32,'BUTÁN'),(33,'CABO VERDE'),(34,'CAMBOYA'),(35,'CAMERUN'),(36,'CANADA'),(37,'CATAR'),(38,'REPUBLICA CHECA'),(39,'CHILE'),(40,'CHINA'),(41,'CHIPRE'),(42,'COMOROS'),(43,'COLOMBIA'),(44,'CONGO'),(45,'COREA DEL NORTE'),(46,'COREA DEL SUR'),(47,'COSTA DE MARFIL'),(48,'COSTA RICA'),(49,'CROACIA'),(50,'CUBA'),(51,'DINAMARCA'),(52,'DOMINICA'),(53,'REPUBLICA DOMINICANA'),(54,'ECUADOR'),(55,'EGIPTO'),(56,'EL SALVADOR'),(57,'EMIRATOS ARABES'),(58,'ESLOVAQUIA'),(59,'ESLOVENIA'),(60,'ESPAÑA'),(61,'USA'),(62,'ESTONIA'),(63,'ETIOPÍA'),(64,'FILIPINAS'),(65,'FINLANDIA'),(66,'FIYI'),(67,'FRANCIA'),(68,'GEORGIA'),(69,'GHANA'),(70,'GRANADA'),(71,'GRECIA'),(72,'GUATEMALA'),(73,'GUINEA'),(74,'GUYANA'),(75,'HAITI'),(76,'HONDURAS'),(77,'HUNGRIA'),(78,'INDIA'),(79,'INDONESIA'),(80,'IRAK'),(81,'IRAN'),(82,'IRLANDA'),(83,'ISLANDIA'),(84,'ISRAEL'),(85,'ITALIA'),(86,'JAMAICA'),(87,'JAPÓN'),(88,'JORDANIA'),(89,'LIBANO'),(90,'LIBERIA'),(91,'LIBIA'),(92,'LITUANIA'),(93,'MALTA'),(94,'MARRUECOS'),(95,'MÉXICO'),(96,'MÓNACO'),(97,'NICARAGUA'),(98,'NIGERIA'),(99,'NORUEGA'),(100,'NUEVA ZELANDA'),(101,'PAISES BAJOS'),(102,'PAKISTAN'),(103,'PALESTINA'),(104,'PANAMÁ'),(105,'PARAGUAY'),(106,'PERÚ'),(107,'POLONIA'),(108,'PORTUGAL'),(109,'REINO UNIDO'),(110,'RUMANIA'),(111,'RUSIA'),(112,'SERBIA'),(113,'SINGAPUR'),(114,'SIRIA'),(115,'SOMALIA'),(116,'SUDÁFRICA'),(117,'SUDÁN'),(118,'SUECIA'),(119,'SUIZA'),(120,'SURINAM'),(121,'TAILANDIA'),(122,'TRINIDAD Y TOBAGO'),(123,'TURQUÍA'),(124,'UCRANIA'),(125,'URUGUAY'),(126,'VIETNAM');
/*!40000 ALTER TABLE `countries_register` ENABLE KEYS */;
UNLOCK TABLES;

--
-- Table structure for table `currier_region_cost`
--

DROP TABLE IF EXISTS `currier_region_cost`;
/*!40101 SET @saved_cs_client     = @@character_set_client */;
/*!50503 SET character_set_client = utf8mb4 */;
CREATE TABLE `currier_region_cost` (
  `id` int NOT NULL AUTO_INCREMENT,
  `currier_id` int DEFAULT NULL,
  `region_id` int DEFAULT NULL,
  `trip_id` int NOT NULL,
  `city_id` int NOT NULL,
  `tarifa` float(10,2) DEFAULT NULL,
  `tarifaTE` float(10,2) DEFAULT NULL,
  PRIMARY KEY (`id`)
) ENGINE=InnoDB AUTO_INCREMENT=62 DEFAULT CHARSET=utf8mb4;
/*!40101 SET character_set_client = @saved_cs_client */;

--
-- Dumping data for table `currier_region_cost`
--

LOCK TABLES `currier_region_cost` WRITE;
/*!40000 ALTER TABLE `currier_region_cost` DISABLE KEYS */;
INSERT INTO `currier_region_cost` VALUES (40,20,4,2,20,12.00,18.00),(41,20,2,2,19,12.00,22.00),(42,20,3,2,18,9.00,16.00),(43,20,3,2,17,9.00,16.00),(44,20,3,2,16,9.00,16.00),(46,20,1,2,15,12.00,20.00),(47,20,1,2,13,12.00,20.00),(48,20,1,2,12,12.00,20.00),(49,20,1,2,11,12.00,20.00),(52,20,3,1,18,2.40,5.00),(53,20,4,1,20,2.60,5.00),(54,20,3,1,17,2.40,5.00),(55,20,3,1,16,2.40,5.00),(57,20,1,1,15,3.20,6.00),(58,20,1,1,14,3.20,6.00),(59,20,1,1,13,3.20,6.00),(60,20,1,1,12,3.20,6.00),(61,20,1,1,11,3.20,6.00);
/*!40000 ALTER TABLE `currier_region_cost` ENABLE KEYS */;
UNLOCK TABLES;

--
-- Table structure for table `curriers`
--

DROP TABLE IF EXISTS `curriers`;
/*!40101 SET @saved_cs_client     = @@character_set_client */;
/*!50503 SET character_set_client = utf8mb4 */;
CREATE TABLE `curriers` (
  `id` int NOT NULL AUTO_INCREMENT,
  `name` varchar(45) NOT NULL,
  `active` tinyint(1) NOT NULL DEFAULT '1',
  PRIMARY KEY (`id`)
) ENGINE=InnoDB AUTO_INCREMENT=21 DEFAULT CHARSET=utf8mb3;
/*!40101 SET character_set_client = @saved_cs_client */;

--
-- Dumping data for table `curriers`
--

LOCK TABLES `curriers` WRITE;
/*!40000 ALTER TABLE `curriers` DISABLE KEYS */;
INSERT INTO `curriers` VALUES (1,'CON',1),(2,'SOU',1),(20,'CONTINENTAL',1);
/*!40000 ALTER TABLE `curriers` ENABLE KEYS */;
UNLOCK TABLES;

--
-- Table structure for table `departamento`
--

DROP TABLE IF EXISTS `departamento`;
/*!40101 SET @saved_cs_client     = @@character_set_client */;
/*!50503 SET character_set_client = utf8mb4 */;
CREATE TABLE `departamento` (
  `id` int NOT NULL AUTO_INCREMENT,
  `nombre` varchar(250) NOT NULL,
  `descripcion` varchar(500) DEFAULT NULL,
  PRIMARY KEY (`id`)
) ENGINE=InnoDB AUTO_INCREMENT=14 DEFAULT CHARSET=utf8mb4;
/*!40101 SET character_set_client = @saved_cs_client */;

--
-- Dumping data for table `departamento`
--

LOCK TABLES `departamento` WRITE;
/*!40000 ALTER TABLE `departamento` DISABLE KEYS */;
INSERT INTO `departamento` VALUES (1,'BOXES','CAJA'),(3,'LOGISTIC','logistica de compra'),(4,'VENTAS','Venta de productos'),(6,'CONTAINER','modo de distribución'),(7,'VEHICULO','Transporte de vehiculos'),(8,'CONSOLIDADOS','envios'),(12,'DONACIONES','ENVIOS PARA DONACIONES'),(13,'BOXES','PAQUETERIA');
/*!40000 ALTER TABLE `departamento` ENABLE KEYS */;
UNLOCK TABLES;

--
-- Table structure for table `estados`
--

DROP TABLE IF EXISTS `estados`;
/*!40101 SET @saved_cs_client     = @@character_set_client */;
/*!50503 SET character_set_client = utf8mb4 */;
CREATE TABLE `estados` (
  `id_estado` int NOT NULL AUTO_INCREMENT,
  `estado` varchar(250) NOT NULL,
  `iso_3166-2` varchar(4) NOT NULL,
  `region_id` int DEFAULT NULL,
  PRIMARY KEY (`id_estado`)
) ENGINE=InnoDB AUTO_INCREMENT=34 DEFAULT CHARSET=utf8mb3;
/*!40101 SET character_set_client = @saved_cs_client */;

--
-- Dumping data for table `estados`
--

LOCK TABLES `estados` WRITE;
/*!40000 ALTER TABLE `estados` DISABLE KEYS */;
INSERT INTO `estados` VALUES (2,'ANZOATEGUI','VE-B',1),(3,'APURE','VE-C',2),(4,'ARAGUA','VE-D',3),(5,'BARINAS','VE-E',2),(6,'BOLÍVAR','VE-F',1),(7,'CARABOBO','VE-G',3),(8,'COJEDES','VE-H',2),(9,'DELTA AMACURO','VE-Y',1),(10,'FALCON','VE-I',2),(11,'GUARICO','VE-J',2),(12,'LARA','VE-K',2),(13,'MERIDA','VE-L',2),(14,'MIRANDA','VE-M',3),(15,'MONAGAS','VE-N',1),(16,'NUEVA ESPARTA','VE-O',1),(17,'PORTUGUESA','VE-P',2),(18,'SUCRE','VE-R',1),(19,'TACHIRA','VE-S',2),(20,'TRUJILLO','VE-T',2),(21,'LA GUAIRA','VE-W',3),(22,'YARACUY','VE-U',3),(23,'ZULIA','VE-V',2),(24,'DISTRITO CAPITAL','VE-A',3),(25,'DEPENDENCIAS FEDERALES','VE-Z',3);
/*!40000 ALTER TABLE `estados` ENABLE KEYS */;
UNLOCK TABLES;

--
-- Table structure for table `general_status`
--

DROP TABLE IF EXISTS `general_status`;
/*!40101 SET @saved_cs_client     = @@character_set_client */;
/*!50503 SET character_set_client = utf8mb4 */;
CREATE TABLE `general_status` (
  `id` int NOT NULL AUTO_INCREMENT,
  `name` varchar(50) NOT NULL,
  `descripcion` varchar(250) DEFAULT NULL,
  `siglas` varchar(10) DEFAULT NULL,
  PRIMARY KEY (`id`)
) ENGINE=InnoDB AUTO_INCREMENT=10 DEFAULT CHARSET=utf8mb4;
/*!40101 SET character_set_client = @saved_cs_client */;

--
-- Dumping data for table `general_status`
--

LOCK TABLES `general_status` WRITE;
/*!40000 ALTER TABLE `general_status` DISABLE KEYS */;
INSERT INTO `general_status` VALUES (1,'RECIBIDO EN ALMACEN','CUANDO RECIBIMOS CAJA EN LA BODEGA','ALMACEN'),(2,'PREPARANDO PAQUETE','ESTAMOS PREPARANDO EL WAREHOUSE','WAREHOUSE'),(3,'LISTO PARA EL ENVIO','SE IMPRIME EL WAREHOUSE – ETIQUETA','ENVIADO'),(5,'EN PROCESO ADUANAL','LLEGA AL PAÍS Y ESTÁ EN REVISION DEL PAIS DESTINO','ADUANA'),(6,'RECIBIDO EN CENTRO DE DISTRIBUCIÓN','YA LO TIENE EL COURRIER, ESPERA PARA EMPEZAR A DISTRIBUIR','DISTRIBUCI'),(7,'ENVIADO A CLIENTE FINAL','VA EN RUTA A LA ENTREGA AL CLIENTE','EN VIA'),(8,'RECIBIDO POR EL CLIENTE','YA EL CLIENTE TIENE EL PAQUETE, FIRMA LA NOTA DE ENTREGA','ENTREGADO');
/*!40000 ALTER TABLE `general_status` ENABLE KEYS */;
UNLOCK TABLES;

--
-- Table structure for table `headquarters`
--

DROP TABLE IF EXISTS `headquarters`;
/*!40101 SET @saved_cs_client     = @@character_set_client */;
/*!50503 SET character_set_client = utf8mb4 */;
CREATE TABLE `headquarters` (
  `id` int NOT NULL AUTO_INCREMENT,
  `name` varchar(45) NOT NULL,
  `active` tinyint(1) NOT NULL DEFAULT '1',
  PRIMARY KEY (`id`)
) ENGINE=InnoDB AUTO_INCREMENT=3 DEFAULT CHARSET=utf8mb3;
/*!40101 SET character_set_client = @saved_cs_client */;

--
-- Dumping data for table `headquarters`
--

LOCK TABLES `headquarters` WRITE;
/*!40000 ALTER TABLE `headquarters` DISABLE KEYS */;
INSERT INTO `headquarters` VALUES (1,'MIAMI',1);
/*!40000 ALTER TABLE `headquarters` ENABLE KEYS */;
UNLOCK TABLES;

--
-- Table structure for table `image_package`
--

DROP TABLE IF EXISTS `image_package`;
/*!40101 SET @saved_cs_client     = @@character_set_client */;
/*!50503 SET character_set_client = utf8mb4 */;
CREATE TABLE `image_package` (
  `id` int NOT NULL AUTO_INCREMENT,
  `url_image` varchar(100) NOT NULL,
  `id_package` int DEFAULT NULL,
  `imagen64` blob NOT NULL,
  `code` varchar(4) NOT NULL,
  PRIMARY KEY (`id`)
) ENGINE=InnoDB AUTO_INCREMENT=10973 DEFAULT CHARSET=utf8mb4;
/*!40101 SET character_set_client = @saved_cs_client */;

--
-- Dumping data for table `image_package`
--

LOCK TABLES `image_package` WRITE;
/*!40000 ALTER TABLE `image_package` DISABLE KEYS */;
INSERT INTO `image_package` VALUES (10963,'http://example-JxKI.com',0,_binary 'data:image/jpeg;base64,Q==','code'),(10964,'http://example-QhNZ.com',0,_binary 'data:image/jpeg;base64,/9j/4AAQS','code'),(10965,'http://example-FwL1.com',0,_binary 'data:image/jpeg;base64,/9j/4AAQSkZJRg==','code'),(10966,'http://example-mMlG.com',62,_binary 'data:image/jpeg;base64,Q==','code'),(10967,'http://example-FV6h.com',62,_binary 'data:image/jpeg;base64,/9j/4AAQS','code'),(10968,'http://example-vwwb.com',62,_binary 'data:image/jpeg;base64,/9j/4AAQSkZJRg==','code'),(10969,'http://example-zTnh.com',0,_binary 'data:image/jpeg;base64,Q==','code'),(10970,'http://example-iffk.com',0,_binary 'data:image/jpeg;base64,/9j/4AAQS','code'),(10971,'http://example-gcNh.com',0,_binary 'data:image/jpeg;base64,/9j/4AAQSkZJRg==','code'),(10972,'prueba.png',0,'','code');
/*!40000 ALTER TABLE `image_package` ENABLE KEYS */;
UNLOCK TABLES;

--
-- Table structure for table `intern_currier_cost`
--

DROP TABLE IF EXISTS `intern_currier_cost`;
/*!40101 SET @saved_cs_client     = @@character_set_client */;
/*!50503 SET character_set_client = utf8mb4 */;
CREATE TABLE `intern_currier_cost` (
  `id` int NOT NULL AUTO_INCREMENT,
  `intern_currier_id` int NOT NULL,
  `city_id` int NOT NULL,
  `trip_id` int NOT NULL,
  `tarifa_intern` float(10,2) NOT NULL,
  `tarifaTe_intern` float(10,2) NOT NULL,
  PRIMARY KEY (`id`)
) ENGINE=InnoDB AUTO_INCREMENT=11 DEFAULT CHARSET=utf8mb4;
/*!40101 SET character_set_client = @saved_cs_client */;

--
-- Dumping data for table `intern_currier_cost`
--

LOCK TABLES `intern_currier_cost` WRITE;
/*!40000 ALTER TABLE `intern_currier_cost` DISABLE KEYS */;
INSERT INTO `intern_currier_cost` VALUES (8,5,20,2,3.00,3.00),(9,5,11,1,20.00,30.00),(10,5,11,2,10.00,30.00);
/*!40000 ALTER TABLE `intern_currier_cost` ENABLE KEYS */;
UNLOCK TABLES;

--
-- Table structure for table `intern_curriers`
--

DROP TABLE IF EXISTS `intern_curriers`;
/*!40101 SET @saved_cs_client     = @@character_set_client */;
/*!50503 SET character_set_client = utf8mb4 */;
CREATE TABLE `intern_curriers` (
  `id` int NOT NULL AUTO_INCREMENT,
  `name` varchar(150) NOT NULL,
  PRIMARY KEY (`id`)
) ENGINE=InnoDB AUTO_INCREMENT=6 DEFAULT CHARSET=utf8mb4;
/*!40101 SET character_set_client = @saved_cs_client */;

--
-- Dumping data for table `intern_curriers`
--

LOCK TABLES `intern_curriers` WRITE;
/*!40000 ALTER TABLE `intern_curriers` DISABLE KEYS */;
INSERT INTO `intern_curriers` VALUES (4,'GSM'),(5,'INETRN');
/*!40000 ALTER TABLE `intern_curriers` ENABLE KEYS */;
UNLOCK TABLES;

--
-- Table structure for table `invoice_details`
--

DROP TABLE IF EXISTS `invoice_details`;
/*!40101 SET @saved_cs_client     = @@character_set_client */;
/*!50503 SET character_set_client = utf8mb4 */;
CREATE TABLE `invoice_details` (
  `id` int NOT NULL AUTO_INCREMENT,
  `invoice_id` int NOT NULL,
  `wh_id` int NOT NULL,
  PRIMARY KEY (`id`)
) ENGINE=InnoDB AUTO_INCREMENT=7 DEFAULT CHARSET=utf8mb4;
/*!40101 SET character_set_client = @saved_cs_client */;

--
-- Dumping data for table `invoice_details`
--

LOCK TABLES `invoice_details` WRITE;
/*!40000 ALTER TABLE `invoice_details` DISABLE KEYS */;
INSERT INTO `invoice_details` VALUES (1,6,5156),(2,7,5159),(3,8,5160),(4,9,5163),(5,10,5170),(6,11,5189);
/*!40000 ALTER TABLE `invoice_details` ENABLE KEYS */;
UNLOCK TABLES;

--
-- Table structure for table `invoice_extracost`
--

DROP TABLE IF EXISTS `invoice_extracost`;
/*!40101 SET @saved_cs_client     = @@character_set_client */;
/*!50503 SET character_set_client = utf8mb4 */;
CREATE TABLE `invoice_extracost` (
  `id` int NOT NULL AUTO_INCREMENT,
  `invoice_id` int DEFAULT NULL,
  `extracost_id` int NOT NULL,
  `value_extracost` float NOT NULL,
  PRIMARY KEY (`id`)
) ENGINE=InnoDB AUTO_INCREMENT=41 DEFAULT CHARSET=utf8mb4;
/*!40101 SET character_set_client = @saved_cs_client */;

--
-- Dumping data for table `invoice_extracost`
--

LOCK TABLES `invoice_extracost` WRITE;
/*!40000 ALTER TABLE `invoice_extracost` DISABLE KEYS */;
INSERT INTO `invoice_extracost` VALUES (30,6,3,2),(31,7,1,0),(32,8,1,0),(33,9,7,15),(34,9,4,3),(35,9,7,15),(36,9,2,10),(37,10,4,3),(38,10,1,0),(39,11,1,0),(40,11,3,25);
/*!40000 ALTER TABLE `invoice_extracost` ENABLE KEYS */;
UNLOCK TABLES;

--
-- Table structure for table `invoice_status`
--

DROP TABLE IF EXISTS `invoice_status`;
/*!40101 SET @saved_cs_client     = @@character_set_client */;
/*!50503 SET character_set_client = utf8mb4 */;
CREATE TABLE `invoice_status` (
  `id` int NOT NULL,
  `nombre` varchar(100) NOT NULL
) ENGINE=InnoDB DEFAULT CHARSET=utf8mb4;
/*!40101 SET character_set_client = @saved_cs_client */;

--
-- Dumping data for table `invoice_status`
--

LOCK TABLES `invoice_status` WRITE;
/*!40000 ALTER TABLE `invoice_status` DISABLE KEYS */;
INSERT INTO `invoice_status` VALUES (1,'PENDIENTE'),(2,'POR PAGAR'),(3,'PAGADA');
/*!40000 ALTER TABLE `invoice_status` ENABLE KEYS */;
UNLOCK TABLES;

--
-- Table structure for table `invoices`
--

DROP TABLE IF EXISTS `invoices`;
/*!40101 SET @saved_cs_client     = @@character_set_client */;
/*!50503 SET character_set_client = utf8mb4 */;
CREATE TABLE `invoices` (
  `id` int NOT NULL AUTO_INCREMENT,
  `code_invoce` varchar(10) DEFAULT NULL,
  `user_id` int DEFAULT NULL,
  `addresse_id` int DEFAULT NULL,
  `total_invoce` decimal(10,3) NOT NULL,
  `type_trip_id` int NOT NULL,
  `pay_method_id` int DEFAULT NULL,
  `invoce_pdf` blob,
  `fecha_emision` date DEFAULT NULL,
  `fecha_vencimiento` timestamp NULL DEFAULT NULL,
  `fecha_salida_wh` date DEFAULT NULL,
  `total_pie3` float(10,2) DEFAULT NULL,
  `total_lb_vol` float(10,2) DEFAULT NULL,
  `total_pesolb` int DEFAULT NULL,
  `total_ancho` int DEFAULT NULL,
  `total_largo` int DEFAULT NULL,
  `total_alto` int DEFAULT NULL,
  `monto_pagado` int DEFAULT NULL,
  `status_id` int NOT NULL,
  PRIMARY KEY (`id`)
) ENGINE=InnoDB AUTO_INCREMENT=12 DEFAULT CHARSET=utf8mb3;
/*!40101 SET character_set_client = @saved_cs_client */;

--
-- Dumping data for table `invoices`
--

LOCK TABLES `invoices` WRITE;
/*!40000 ALTER TABLE `invoices` DISABLE KEYS */;
INSERT INTO `invoices` VALUES (1,'FAC-1',50049,17,500.000,1,1,'','2021-06-26','2021-06-30 19:27:22','2021-06-30',1.00,3.00,2,4,2,1,100,1),(2,'FAC-2',50049,17,150.000,2,1,'','2021-06-16','2021-06-28 19:47:34','2021-06-30',3.00,2.00,3,2,2,1,150,2),(3,'FAC-3',50049,17,40.000,1,1,'','2021-06-22','2021-06-28 19:48:35','2021-06-30',1.00,2.00,1,1,1,2,40,3),(6,'FACT-',50049,17,186.000,1,0,NULL,'2021-07-24','2021-09-24 04:00:00','2021-07-30',NULL,NULL,NULL,NULL,NULL,NULL,NULL,2),(7,'FACT-',50028,23,475.780,2,0,NULL,'2021-07-24','2021-09-24 04:00:00','2021-07-30',NULL,NULL,NULL,NULL,NULL,NULL,NULL,2),(8,'FACT-',50078,56,2293.570,2,0,NULL,'2021-07-24','2021-09-24 00:00:00','2021-07-30',NULL,NULL,NULL,NULL,NULL,NULL,NULL,2),(9,'FACT-',50078,56,64.190,2,0,NULL,'2021-07-25','2021-09-25 00:00:00','2021-07-30',NULL,NULL,NULL,NULL,NULL,NULL,NULL,2),(10,'FACT-',50078,56,120.340,2,0,NULL,'2021-07-26','2021-09-26 00:00:00','2021-07-30',NULL,NULL,NULL,NULL,NULL,NULL,NULL,2),(11,'FACT-',50028,23,114.340,2,0,NULL,'2021-08-01','2021-10-01 00:00:00','2021-08-06',NULL,NULL,NULL,NULL,NULL,NULL,NULL,2);
/*!40000 ALTER TABLE `invoices` ENABLE KEYS */;
UNLOCK TABLES;

--
-- Table structure for table `municipios`
--

DROP TABLE IF EXISTS `municipios`;
/*!40101 SET @saved_cs_client     = @@character_set_client */;
/*!50503 SET character_set_client = utf8mb4 */;
CREATE TABLE `municipios` (
  `id_municipio` int NOT NULL AUTO_INCREMENT,
  `id_estado` int NOT NULL,
  `municipio` varchar(100) NOT NULL,
  PRIMARY KEY (`id_municipio`),
  KEY `id_estado` (`id_estado`),
  CONSTRAINT `municipios_ibfk_1` FOREIGN KEY (`id_estado`) REFERENCES `estados` (`id_estado`) ON DELETE CASCADE ON UPDATE CASCADE
) ENGINE=InnoDB AUTO_INCREMENT=463 DEFAULT CHARSET=utf8mb3;
/*!40101 SET character_set_client = @saved_cs_client */;

--
-- Dumping data for table `municipios`
--

LOCK TABLES `municipios` WRITE;
/*!40000 ALTER TABLE `municipios` DISABLE KEYS */;
INSERT INTO `municipios` VALUES (8,2,'Anaco'),(9,2,'Aragua'),(10,2,'Manuel Ezequiel Bruzual'),(11,2,'Diego Bautista Urbaneja'),(12,2,'Fernando Peñalver'),(13,2,'Francisco Del Carmen Carvajal'),(14,2,'General Sir Arthur McGregor'),(15,2,'Guanta'),(16,2,'Independencia'),(17,2,'José Gregorio Monagas'),(18,2,'Juan Antonio Sotillo'),(19,2,'Juan Manuel Cajigal'),(20,2,'Libertad'),(21,2,'Francisco de Miranda'),(22,2,'Pedro María Freites'),(23,2,'Píritu'),(24,2,'San José de Guanipa'),(25,2,'San Juan de Capistrano'),(26,2,'Santa Ana'),(27,2,'Simón Bolívar'),(28,2,'Simón Rodríguez'),(29,3,'Achaguas'),(30,3,'Biruaca'),(31,3,'Muñóz'),(32,3,'Páez'),(33,3,'Pedro Camejo'),(34,3,'Rómulo Gallegos'),(35,3,'San Fernando'),(36,4,'Atanasio Girardot'),(37,4,'Bolívar'),(38,4,'Camatagua'),(39,4,'Francisco Linares Alcántara'),(40,4,'José Ángel Lamas'),(41,4,'José Félix Ribas'),(42,4,'José Rafael Revenga'),(43,4,'Libertador'),(44,4,'Mario Briceño Iragorry'),(45,4,'Ocumare de la Costa de Oro'),(46,4,'San Casimiro'),(47,4,'San Sebastián'),(48,4,'Santiago Mariño'),(49,4,'Santos Michelena'),(50,4,'Sucre'),(51,4,'Tovar'),(52,4,'Urdaneta'),(53,4,'Zamora'),(54,5,'Alberto Arvelo Torrealba'),(55,5,'Andrés Eloy Blanco'),(56,5,'Antonio José de Sucre'),(57,5,'Arismendi'),(58,5,'Barinas'),(59,5,'Bolívar'),(60,5,'Cruz Paredes'),(61,5,'Ezequiel Zamora'),(62,5,'Obispos'),(63,5,'Pedraza'),(64,5,'Rojas'),(65,5,'Sosa'),(66,6,'Caroní'),(67,6,'Cedeño'),(68,6,'El Callao'),(69,6,'Gran Sabana'),(70,6,'Heres'),(71,6,'Piar'),(72,6,'Angostura (Raúl Leoni)'),(73,6,'Roscio'),(74,6,'Sifontes'),(75,6,'Sucre'),(76,6,'Padre Pedro Chien'),(77,7,'Bejuma'),(78,7,'Carlos Arvelo'),(79,7,'Diego Ibarra'),(80,7,'Guacara'),(81,7,'Juan José Mora'),(82,7,'Libertador'),(83,7,'Los Guayos'),(84,7,'Miranda'),(85,7,'Montalbán'),(86,7,'Naguanagua'),(87,7,'Puerto Cabello'),(88,7,'San Diego'),(89,7,'San Joaquín'),(90,7,'Valencia'),(91,8,'Anzoátegui'),(92,8,'Tinaquillo'),(93,8,'Girardot'),(94,8,'Lima Blanco'),(95,8,'Pao de San Juan Bautista'),(96,8,'Ricaurte'),(97,8,'Rómulo Gallegos'),(98,8,'San Carlos'),(99,8,'Tinaco'),(100,9,'Antonio Díaz'),(101,9,'Casacoima'),(102,9,'Pedernales'),(103,9,'Tucupita'),(104,10,'Acosta'),(105,10,'Bolívar'),(106,10,'Buchivacoa'),(107,10,'Cacique Manaure'),(108,10,'Carirubana'),(109,10,'Colina'),(110,10,'Dabajuro'),(111,10,'Democracia'),(112,10,'Falcón'),(113,10,'Federación'),(114,10,'Jacura'),(115,10,'José Laurencio Silva'),(116,10,'Los Taques'),(117,10,'Mauroa'),(118,10,'Miranda'),(119,10,'Monseñor Iturriza'),(120,10,'Palmasola'),(121,10,'Petit'),(122,10,'Píritu'),(123,10,'San Francisco'),(124,10,'Sucre'),(125,10,'Tocópero'),(126,10,'Unión'),(127,10,'Urumaco'),(128,10,'Zamora'),(129,11,'Camaguán'),(130,11,'Chaguaramas'),(131,11,'El Socorro'),(132,11,'José Félix Ribas'),(133,11,'José Tadeo Monagas'),(134,11,'Juan Germán Roscio'),(135,11,'Julián Mellado'),(136,11,'Las Mercedes'),(137,11,'Leonardo Infante'),(138,11,'Pedro Zaraza'),(139,11,'Ortíz'),(140,11,'San Gerónimo de Guayabal'),(141,11,'San José de Guaribe'),(142,11,'Santa María de Ipire'),(143,11,'Sebastián Francisco de Miranda'),(144,12,'Andrés Eloy Blanco'),(145,12,'Crespo'),(146,12,'Iribarren'),(147,12,'Jiménez'),(148,12,'Morán'),(149,12,'Palavecino'),(150,12,'Simón Planas'),(151,12,'Torres'),(152,12,'Urdaneta'),(179,13,'Alberto Adriani'),(180,13,'Andrés Bello'),(181,13,'Antonio Pinto Salinas'),(182,13,'Aricagua'),(183,13,'Arzobispo Chacón'),(184,13,'Campo Elías'),(185,13,'Caracciolo Parra Olmedo'),(186,13,'Cardenal Quintero'),(187,13,'Guaraque'),(188,13,'Julio César Salas'),(189,13,'Justo Briceño'),(190,13,'Libertador'),(191,13,'Miranda'),(192,13,'Obispo Ramos de Lora'),(193,13,'Padre Noguera'),(194,13,'Pueblo Llano'),(195,13,'Rangel'),(196,13,'Rivas Dávila'),(197,13,'Santos Marquina'),(198,13,'Sucre'),(199,13,'Tovar'),(200,13,'Tulio Febres Cordero'),(201,13,'Zea'),(223,14,'Acevedo'),(224,14,'Andrés Bello'),(225,14,'Baruta'),(226,14,'Brión'),(227,14,'Buroz'),(228,14,'Carrizal'),(229,14,'Chacao'),(230,14,'Cristóbal Rojas'),(231,14,'El Hatillo'),(232,14,'Guaicaipuro'),(233,14,'Independencia'),(234,14,'Lander'),(235,14,'Los Salias'),(236,14,'Páez'),(237,14,'Paz Castillo'),(238,14,'Pedro Gual'),(239,14,'Plaza'),(240,14,'Simón Bolívar'),(241,14,'Sucre'),(242,14,'Urdaneta'),(243,14,'Zamora'),(258,15,'Acosta'),(259,15,'Aguasay'),(260,15,'Bolívar'),(261,15,'Caripe'),(262,15,'Cedeño'),(263,15,'Ezequiel Zamora'),(264,15,'Libertador'),(265,15,'Maturín'),(266,15,'Piar'),(267,15,'Punceres'),(268,15,'Santa Bárbara'),(269,15,'Sotillo'),(270,15,'Uracoa'),(271,16,'Antolín del Campo'),(272,16,'Arismendi'),(273,16,'García'),(274,16,'Gómez'),(275,16,'Maneiro'),(276,16,'Marcano'),(277,16,'Mariño'),(278,16,'Península de Macanao'),(279,16,'Tubores'),(280,16,'Villalba'),(281,16,'Díaz'),(282,17,'Agua Blanca'),(283,17,'Araure'),(284,17,'Esteller'),(285,17,'Guanare'),(286,17,'Guanarito'),(287,17,'Monseñor José Vicente de Unda'),(288,17,'Ospino'),(289,17,'Páez'),(290,17,'Papelón'),(291,17,'San Genaro de Boconoíto'),(292,17,'San Rafael de Onoto'),(293,17,'Santa Rosalía'),(294,17,'Sucre'),(295,17,'Turén'),(296,18,'Andrés Eloy Blanco'),(297,18,'Andrés Mata'),(298,18,'Arismendi'),(299,18,'Benítez'),(300,18,'Bermúdez'),(301,18,'Bolívar'),(302,18,'Cajigal'),(303,18,'Cruz Salmerón Acosta'),(304,18,'Libertador'),(305,18,'Mariño'),(306,18,'Mejía'),(307,18,'Montes'),(308,18,'Ribero'),(309,18,'Sucre'),(310,18,'Valdéz'),(341,19,'Andrés Bello'),(342,19,'Antonio Rómulo Costa'),(343,19,'Ayacucho'),(344,19,'Bolívar'),(345,19,'Cárdenas'),(346,19,'Córdoba'),(347,19,'Fernández Feo'),(348,19,'Francisco de Miranda'),(349,19,'García de Hevia'),(350,19,'Guásimos'),(351,19,'Independencia'),(352,19,'Jáuregui'),(353,19,'José María Vargas'),(354,19,'Junín'),(355,19,'Libertad'),(356,19,'Libertador'),(357,19,'Lobatera'),(358,19,'Michelena'),(359,19,'Panamericano'),(360,19,'Pedro María Ureña'),(361,19,'Rafael Urdaneta'),(362,19,'Samuel Darío Maldonado'),(363,19,'San Cristóbal'),(364,19,'Seboruco'),(365,19,'Simón Rodríguez'),(366,19,'Sucre'),(367,19,'Torbes'),(368,19,'Uribante'),(369,19,'San Judas Tadeo'),(370,20,'Andrés Bello'),(371,20,'Boconó'),(372,20,'Bolívar'),(373,20,'Candelaria'),(374,20,'Carache'),(375,20,'Escuque'),(376,20,'José Felipe Márquez Cañizalez'),(377,20,'Juan Vicente Campos Elías'),(378,20,'La Ceiba'),(379,20,'Miranda'),(380,20,'Monte Carmelo'),(381,20,'Motatán'),(382,20,'Pampán'),(383,20,'Pampanito'),(384,20,'Rafael Rangel'),(385,20,'San Rafael de Carvajal'),(386,20,'Sucre'),(387,20,'Trujillo'),(388,20,'Urdaneta'),(389,20,'Valera'),(390,21,'Vargas'),(391,22,'Arístides Bastidas'),(392,22,'Bolívar'),(407,22,'Bruzual'),(408,22,'Cocorote'),(409,22,'Independencia'),(410,22,'José Antonio Páez'),(411,22,'La Trinidad'),(412,22,'Manuel Monge'),(413,22,'Nirgua'),(414,22,'Peña'),(415,22,'San Felipe'),(416,22,'Sucre'),(417,22,'Urachiche'),(418,22,'José Joaquín Veroes'),(441,23,'Almirante Padilla'),(442,23,'Baralt'),(443,23,'Cabimas'),(444,23,'Catatumbo'),(445,23,'Colón'),(446,23,'Francisco Javier Pulgar'),(447,23,'Páez'),(448,23,'Jesús Enrique Losada'),(449,23,'Jesús María Semprún'),(450,23,'La Cañada de Urdaneta'),(451,23,'Lagunillas'),(452,23,'Machiques de Perijá'),(453,23,'Mara'),(454,23,'Maracaibo'),(455,23,'Miranda'),(456,23,'Rosario de Perijá'),(457,23,'San Francisco'),(458,23,'Santa Rita'),(459,23,'Simón Bolívar'),(460,23,'Sucre'),(461,23,'Valmore Rodríguez'),(462,24,'Libertador');
/*!40000 ALTER TABLE `municipios` ENABLE KEYS */;
UNLOCK TABLES;

--
-- Table structure for table `package_intruction`
--

DROP TABLE IF EXISTS `package_intruction`;
/*!40101 SET @saved_cs_client     = @@character_set_client */;
/*!50503 SET character_set_client = utf8mb4 */;
CREATE TABLE `package_intruction` (
  `id` int NOT NULL AUTO_INCREMENT,
  `insurance` int DEFAULT NULL,
  `trip_id` int DEFAULT NULL,
  `package_id` int NOT NULL,
  PRIMARY KEY (`id`)
) ENGINE=InnoDB DEFAULT CHARSET=utf8mb4;
/*!40101 SET character_set_client = @saved_cs_client */;

--
-- Dumping data for table `package_intruction`
--

LOCK TABLES `package_intruction` WRITE;
/*!40000 ALTER TABLE `package_intruction` DISABLE KEYS */;
/*!40000 ALTER TABLE `package_intruction` ENABLE KEYS */;
UNLOCK TABLES;

--
-- Table structure for table `packages`
--

DROP TABLE IF EXISTS `packages`;
/*!40101 SET @saved_cs_client     = @@character_set_client */;
/*!50503 SET character_set_client = utf8mb4 */;
CREATE TABLE `packages` (
  `id` int NOT NULL AUTO_INCREMENT,
  `code` varchar(45) NOT NULL,
  `user_from` int DEFAULT NULL,
  `user_to` int DEFAULT NULL,
  `date_in` timestamp NOT NULL DEFAULT CURRENT_TIMESTAMP ON UPDATE CURRENT_TIMESTAMP,
  `date_out` timestamp NULL DEFAULT NULL,
  `alias` text,
  `operator` int DEFAULT NULL,
  `tracking` varchar(45) DEFAULT NULL,
  `address_send` text,
  `description` text,
  `state` int DEFAULT '1',
  `height` double(10,2) DEFAULT NULL,
  `width` double(10,2) DEFAULT NULL,
  `lenght` double(10,2) DEFAULT NULL,
  `weight` double(10,2) DEFAULT NULL,
  `id_headquarter` int DEFAULT NULL,
  `id_stock` int DEFAULT NULL,
  `id_transp` int DEFAULT NULL,
  `img` blob,
  `cost` decimal(10,0) DEFAULT NULL,
  PRIMARY KEY (`id`)
) ENGINE=InnoDB AUTO_INCREMENT=87 DEFAULT CHARSET=utf8mb3;
/*!40101 SET character_set_client = @saved_cs_client */;

--
-- Dumping data for table `packages`
--

LOCK TABLES `packages` WRITE;
/*!40000 ALTER TABLE `packages` DISABLE KEYS */;
INSERT INTO `packages` VALUES (84,'TE-PK58132',50049,0,'2021-07-31 19:02:12','2021-07-31 19:02:12','re',50028,'AS85966DDTHYYYENJSNUNDU','direccion','ELECTRONICOS',1,10.00,11.00,11.00,20.00,0,0,5,NULL,500);
/*!40000 ALTER TABLE `packages` ENABLE KEYS */;
UNLOCK TABLES;

--
-- Table structure for table `packages_states`
--

DROP TABLE IF EXISTS `packages_states`;
/*!40101 SET @saved_cs_client     = @@character_set_client */;
/*!50503 SET character_set_client = utf8mb4 */;
CREATE TABLE `packages_states` (
  `id` int NOT NULL AUTO_INCREMENT,
  `name` varchar(45) NOT NULL,
  `active` tinyint(1) NOT NULL,
  PRIMARY KEY (`id`)
) ENGINE=InnoDB AUTO_INCREMENT=4 DEFAULT CHARSET=utf8mb3;
/*!40101 SET character_set_client = @saved_cs_client */;

--
-- Dumping data for table `packages_states`
--

LOCK TABLES `packages_states` WRITE;
/*!40000 ALTER TABLE `packages_states` DISABLE KEYS */;
INSERT INTO `packages_states` VALUES (1,'HOLD',1),(2,'CONFIRMED',1),(3,'INCOMPLETE',1);
/*!40000 ALTER TABLE `packages_states` ENABLE KEYS */;
UNLOCK TABLES;

--
-- Table structure for table `packing`
--

DROP TABLE IF EXISTS `packing`;
/*!40101 SET @saved_cs_client     = @@character_set_client */;
/*!50503 SET character_set_client = utf8mb4 */;
CREATE TABLE `packing` (
  `id` int NOT NULL AUTO_INCREMENT,
  `date_in` timestamp NOT NULL DEFAULT CURRENT_TIMESTAMP ON UPDATE CURRENT_TIMESTAMP,
  `name` varchar(45) NOT NULL,
  `note` text NOT NULL,
  `id_currier` int NOT NULL,
  `date_out` timestamp NOT NULL DEFAULT '0000-00-00 00:00:00',
  `id_trip` int NOT NULL,
  `id_destiny` int NOT NULL,
  `state` int NOT NULL DEFAULT '1',
  PRIMARY KEY (`id`)
) ENGINE=InnoDB AUTO_INCREMENT=15 DEFAULT CHARSET=utf8mb3;
/*!40101 SET character_set_client = @saved_cs_client */;

--
-- Dumping data for table `packing`
--

LOCK TABLES `packing` WRITE;
/*!40000 ALTER TABLE `packing` DISABLE KEYS */;
INSERT INTO `packing` VALUES (14,'2021-06-15 04:00:00','Reissy Torres','hola',1,'2021-06-16 04:00:00',1,1,3);
/*!40000 ALTER TABLE `packing` ENABLE KEYS */;
UNLOCK TABLES;

--
-- Table structure for table `packing_list`
--

DROP TABLE IF EXISTS `packing_list`;
/*!40101 SET @saved_cs_client     = @@character_set_client */;
/*!50503 SET character_set_client = utf8mb4 */;
CREATE TABLE `packing_list` (
  `id` int NOT NULL,
  `nombre` varchar(50) NOT NULL,
  `fecha_emision` date NOT NULL,
  `code_packing_list` varchar(10) NOT NULL,
  `packing_list_PDF` blob NOT NULL
) ENGINE=InnoDB DEFAULT CHARSET=utf8mb4;
/*!40101 SET character_set_client = @saved_cs_client */;

--
-- Dumping data for table `packing_list`
--

LOCK TABLES `packing_list` WRITE;
/*!40000 ALTER TABLE `packing_list` DISABLE KEYS */;
/*!40000 ALTER TABLE `packing_list` ENABLE KEYS */;
UNLOCK TABLES;

--
-- Table structure for table `packing_list_details`
--

DROP TABLE IF EXISTS `packing_list_details`;
/*!40101 SET @saved_cs_client     = @@character_set_client */;
/*!50503 SET character_set_client = utf8mb4 */;
CREATE TABLE `packing_list_details` (
  `id` int NOT NULL,
  `packig_list_id` int NOT NULL,
  `wh_id` int NOT NULL
) ENGINE=InnoDB DEFAULT CHARSET=utf8mb4;
/*!40101 SET character_set_client = @saved_cs_client */;

--
-- Dumping data for table `packing_list_details`
--

LOCK TABLES `packing_list_details` WRITE;
/*!40000 ALTER TABLE `packing_list_details` DISABLE KEYS */;
/*!40000 ALTER TABLE `packing_list_details` ENABLE KEYS */;
UNLOCK TABLES;

--
-- Table structure for table `packing_states`
--

DROP TABLE IF EXISTS `packing_states`;
/*!40101 SET @saved_cs_client     = @@character_set_client */;
/*!50503 SET character_set_client = utf8mb4 */;
CREATE TABLE `packing_states` (
  `id` int NOT NULL AUTO_INCREMENT,
  `name` varchar(45) NOT NULL,
  `active` tinyint(1) NOT NULL DEFAULT '1',
  PRIMARY KEY (`id`)
) ENGINE=InnoDB AUTO_INCREMENT=7 DEFAULT CHARSET=utf8mb3;
/*!40101 SET character_set_client = @saved_cs_client */;

--
-- Dumping data for table `packing_states`
--

LOCK TABLES `packing_states` WRITE;
/*!40000 ALTER TABLE `packing_states` DISABLE KEYS */;
INSERT INTO `packing_states` VALUES (3,'Activo',1);
/*!40000 ALTER TABLE `packing_states` ENABLE KEYS */;
UNLOCK TABLES;

--
-- Table structure for table `packing_temp`
--

DROP TABLE IF EXISTS `packing_temp`;
/*!40101 SET @saved_cs_client     = @@character_set_client */;
/*!50503 SET character_set_client = utf8mb4 */;
CREATE TABLE `packing_temp` (
  `id` int NOT NULL AUTO_INCREMENT,
  `json` text NOT NULL,
  PRIMARY KEY (`id`)
) ENGINE=InnoDB AUTO_INCREMENT=11 DEFAULT CHARSET=utf8mb3;
/*!40101 SET character_set_client = @saved_cs_client */;

--
-- Dumping data for table `packing_temp`
--

LOCK TABLES `packing_temp` WRITE;
/*!40000 ALTER TABLE `packing_temp` DISABLE KEYS */;
INSERT INTO `packing_temp` VALUES (1,'4,5,6,7'),(2,'4,5,6'),(3,'4,5'),(4,'4,5,6,7'),(5,'4,5,6,7'),(6,'4,5'),(7,'24'),(8,'5019,5014'),(9,'5189'),(10,'5189');
/*!40000 ALTER TABLE `packing_temp` ENABLE KEYS */;
UNLOCK TABLES;

--
-- Table structure for table `parametres`
--

DROP TABLE IF EXISTS `parametres`;
/*!40101 SET @saved_cs_client     = @@character_set_client */;
/*!50503 SET character_set_client = utf8mb4 */;
CREATE TABLE `parametres` (
  `id` int NOT NULL AUTO_INCREMENT,
  `name` varchar(150) DEFAULT NULL,
  `description` varchar(200) DEFAULT NULL,
  `cost_value` int DEFAULT NULL,
  PRIMARY KEY (`id`)
) ENGINE=InnoDB AUTO_INCREMENT=11 DEFAULT CHARSET=utf8mb4;
/*!40101 SET character_set_client = @saved_cs_client */;

--
-- Dumping data for table `parametres`
--

LOCK TABLES `parametres` WRITE;
/*!40000 ALTER TABLE `parametres` DISABLE KEYS */;
INSERT INTO `parametres` VALUES (1,'PRECIO DOLAR X BS','VALOR DEL DOLAR A BS',4000000),(2,'PORCEnTAJE SEGURO','porcentaje de seguro',5),(3,'CONTEO WAREHOUSE','cantidad de warehous',5000),(4,'CONTEO PAQUETES','cantidad de paquetes',3000);
/*!40000 ALTER TABLE `parametres` ENABLE KEYS */;
UNLOCK TABLES;

--
-- Table structure for table `parroquias`
--

DROP TABLE IF EXISTS `parroquias`;
/*!40101 SET @saved_cs_client     = @@character_set_client */;
/*!50503 SET character_set_client = utf8mb4 */;
CREATE TABLE `parroquias` (
  `id_parroquia` int NOT NULL AUTO_INCREMENT,
  `id_municipio` int NOT NULL,
  `parroquia` varchar(250) NOT NULL,
  PRIMARY KEY (`id_parroquia`),
  KEY `id_municipio` (`id_municipio`),
  CONSTRAINT `parroquias_ibfk_1` FOREIGN KEY (`id_municipio`) REFERENCES `municipios` (`id_municipio`) ON DELETE CASCADE ON UPDATE CASCADE
) ENGINE=InnoDB AUTO_INCREMENT=1139 DEFAULT CHARSET=utf8mb3;
/*!40101 SET character_set_client = @saved_cs_client */;

--
-- Dumping data for table `parroquias`
--

LOCK TABLES `parroquias` WRITE;
/*!40000 ALTER TABLE `parroquias` DISABLE KEYS */;
INSERT INTO `parroquias` VALUES (26,8,'Anaco'),(27,8,'San Joaquín'),(28,9,'Cachipo'),(29,9,'Aragua de Barcelona'),(30,11,'Lechería'),(31,11,'El Morro'),(32,12,'Puerto Píritu'),(33,12,'San Miguel'),(34,12,'Sucre'),(35,13,'Valle de Guanape'),(36,13,'Santa Bárbara'),(37,14,'El Chaparro'),(38,14,'Tomás Alfaro'),(39,14,'Calatrava'),(40,15,'Guanta'),(41,15,'Chorrerón'),(42,16,'Mamo'),(43,16,'Soledad'),(44,17,'Mapire'),(45,17,'Piar'),(46,17,'Santa Clara'),(47,17,'San Diego de Cabrutica'),(48,17,'Uverito'),(49,17,'Zuata'),(50,18,'Puerto La Cruz'),(51,18,'Pozuelos'),(52,19,'Onoto'),(53,19,'San Pablo'),(54,20,'San Mateo'),(55,20,'El Carito'),(56,20,'Santa Inés'),(57,20,'La Romereña'),(58,21,'Atapirire'),(59,21,'Boca del Pao'),(60,21,'El Pao'),(61,21,'Pariaguán'),(62,22,'Cantaura'),(63,22,'Libertador'),(64,22,'Santa Rosa'),(65,22,'Urica'),(66,23,'Píritu'),(67,23,'San Francisco'),(68,24,'San José de Guanipa'),(69,25,'Boca de Uchire'),(70,25,'Boca de Chávez'),(71,26,'Pueblo Nuevo'),(72,26,'Santa Ana'),(73,27,'Bergantín'),(74,27,'Caigua'),(75,27,'El Carmen'),(76,27,'El Pilar'),(77,27,'Naricual'),(78,27,'San Crsitóbal'),(79,28,'Edmundo Barrios'),(80,28,'Miguel Otero Silva'),(81,29,'Achaguas'),(82,29,'Apurito'),(83,29,'El Yagual'),(84,29,'Guachara'),(85,29,'Mucuritas'),(86,29,'Queseras del medio'),(87,30,'Biruaca'),(88,31,'Bruzual'),(89,31,'Mantecal'),(90,31,'Quintero'),(91,31,'Rincón Hondo'),(92,31,'San Vicente'),(93,32,'Guasdualito'),(94,32,'Aramendi'),(95,32,'El Amparo'),(96,32,'San Camilo'),(97,32,'Urdaneta'),(98,33,'San Juan de Payara'),(99,33,'Codazzi'),(100,33,'Cunaviche'),(101,34,'Elorza'),(102,34,'La Trinidad'),(103,35,'San Fernando'),(104,35,'El Recreo'),(105,35,'Peñalver'),(106,35,'San Rafael de Atamaica'),(107,36,'Pedro José Ovalles'),(108,36,'Joaquín Crespo'),(109,36,'José Casanova Godoy'),(110,36,'Madre María de San José'),(111,36,'Andrés Eloy Blanco'),(112,36,'Los Tacarigua'),(113,36,'Las Delicias'),(114,36,'Choroní'),(115,37,'Bolívar'),(116,38,'Camatagua'),(117,38,'Carmen de Cura'),(118,39,'Santa Rita'),(119,39,'Francisco de Miranda'),(120,39,'Moseñor Feliciano González'),(121,40,'Santa Cruz'),(122,41,'José Félix Ribas'),(123,41,'Castor Nieves Ríos'),(124,41,'Las Guacamayas'),(125,41,'Pao de Zárate'),(126,41,'Zuata'),(127,42,'José Rafael Revenga'),(128,43,'Palo Negro'),(129,43,'San Martín de Porres'),(130,44,'El Limón'),(131,44,'Caña de Azúcar'),(132,45,'Ocumare de la Costa'),(133,46,'San Casimiro'),(134,46,'Güiripa'),(135,46,'Ollas de Caramacate'),(136,46,'Valle Morín'),(137,47,'San Sebastían'),(138,48,'Turmero'),(139,48,'Arevalo Aponte'),(140,48,'Chuao'),(141,48,'Samán de Güere'),(142,48,'Alfredo Pacheco Miranda'),(143,49,'Santos Michelena'),(144,49,'Tiara'),(145,50,'Cagua'),(146,50,'Bella Vista'),(147,51,'Tovar'),(148,52,'Urdaneta'),(149,52,'Las Peñitas'),(150,52,'San Francisco de Cara'),(151,52,'Taguay'),(152,53,'Zamora'),(153,53,'Magdaleno'),(154,53,'San Francisco de Asís'),(155,53,'Valles de Tucutunemo'),(156,53,'Augusto Mijares'),(157,54,'Sabaneta'),(158,54,'Juan Antonio Rodríguez Domínguez'),(159,55,'El Cantón'),(160,55,'Santa Cruz de Guacas'),(161,55,'Puerto Vivas'),(162,56,'Ticoporo'),(163,56,'Nicolás Pulido'),(164,56,'Andrés Bello'),(165,57,'Arismendi'),(166,57,'Guadarrama'),(167,57,'La Unión'),(168,57,'San Antonio'),(169,58,'Barinas'),(170,58,'Alberto Arvelo Larriva'),(171,58,'San Silvestre'),(172,58,'Santa Inés'),(173,58,'Santa Lucía'),(174,58,'Torumos'),(175,58,'El Carmen'),(176,58,'Rómulo Betancourt'),(177,58,'Corazón de Jesús'),(178,58,'Ramón Ignacio Méndez'),(179,58,'Alto Barinas'),(180,58,'Manuel Palacio Fajardo'),(181,58,'Juan Antonio Rodríguez Domínguez'),(182,58,'Dominga Ortiz de Páez'),(183,59,'Barinitas'),(184,59,'Altamira de Cáceres'),(185,59,'Calderas'),(186,60,'Barrancas'),(187,60,'El Socorro'),(188,60,'Mazparrito'),(189,61,'Santa Bárbara'),(190,61,'Pedro Briceño Méndez'),(191,61,'Ramón Ignacio Méndez'),(192,61,'José Ignacio del Pumar'),(193,62,'Obispos'),(194,62,'Guasimitos'),(195,62,'El Real'),(196,62,'La Luz'),(197,63,'Ciudad Bolívia'),(198,63,'José Ignacio Briceño'),(199,63,'José Félix Ribas'),(200,63,'Páez'),(201,64,'Libertad'),(202,64,'Dolores'),(203,64,'Santa Rosa'),(204,64,'Palacio Fajardo'),(205,65,'Ciudad de Nutrias'),(206,65,'El Regalo'),(207,65,'Puerto Nutrias'),(208,65,'Santa Catalina'),(209,66,'Cachamay'),(210,66,'Chirica'),(211,66,'Dalla Costa'),(212,66,'Once de Abril'),(213,66,'Simón Bolívar'),(214,66,'Unare'),(215,66,'Universidad'),(216,66,'Vista al Sol'),(217,66,'Pozo Verde'),(218,66,'Yocoima'),(219,66,'5 de Julio'),(220,67,'Cedeño'),(221,67,'Altagracia'),(222,67,'Ascensión Farreras'),(223,67,'Guaniamo'),(224,67,'La Urbana'),(225,67,'Pijiguaos'),(226,68,'El Callao'),(227,69,'Gran Sabana'),(228,69,'Ikabarú'),(229,70,'Catedral'),(230,70,'Zea'),(231,70,'Orinoco'),(232,70,'José Antonio Páez'),(233,70,'Marhuanta'),(234,70,'Agua Salada'),(235,70,'Vista Hermosa'),(236,70,'La Sabanita'),(237,70,'Panapana'),(238,71,'Andrés Eloy Blanco'),(239,71,'Pedro Cova'),(240,72,'Raúl Leoni'),(241,72,'Barceloneta'),(242,72,'Santa Bárbara'),(243,72,'San Francisco'),(244,73,'Roscio'),(245,73,'Salóm'),(246,74,'Sifontes'),(247,74,'Dalla Costa'),(248,74,'San Isidro'),(249,75,'Sucre'),(250,75,'Aripao'),(251,75,'Guarataro'),(252,75,'Las Majadas'),(253,75,'Moitaco'),(254,76,'Padre Pedro Chien'),(255,76,'Río Grande'),(256,77,'Bejuma'),(257,77,'Canoabo'),(258,77,'Simón Bolívar'),(259,78,'Güigüe'),(260,78,'Carabobo'),(261,78,'Tacarigua'),(262,79,'Mariara'),(263,79,'Aguas Calientes'),(264,80,'Ciudad Alianza'),(265,80,'Guacara'),(266,80,'Yagua'),(267,81,'Morón'),(268,81,'Yagua'),(269,82,'Tocuyito'),(270,82,'Independencia'),(271,83,'Los Guayos'),(272,84,'Miranda'),(273,85,'Montalbán'),(274,86,'Naguanagua'),(275,87,'Bartolomé Salóm'),(276,87,'Democracia'),(277,87,'Fraternidad'),(278,87,'Goaigoaza'),(279,87,'Juan José Flores'),(280,87,'Unión'),(281,87,'Borburata'),(282,87,'Patanemo'),(283,88,'San Diego'),(284,89,'San Joaquín'),(285,90,'Candelaria'),(286,90,'Catedral'),(287,90,'El Socorro'),(288,90,'Miguel Peña'),(289,90,'Rafael Urdaneta'),(290,90,'San Blas'),(291,90,'San José'),(292,90,'Santa Rosa'),(293,90,'Negro Primero'),(294,91,'Cojedes'),(295,91,'Juan de Mata Suárez'),(296,92,'Tinaquillo'),(297,93,'El Baúl'),(298,93,'Sucre'),(299,94,'La Aguadita'),(300,94,'Macapo'),(301,95,'El Pao'),(302,96,'El Amparo'),(303,96,'Libertad de Cojedes'),(304,97,'Rómulo Gallegos'),(305,98,'San Carlos de Austria'),(306,98,'Juan Ángel Bravo'),(307,98,'Manuel Manrique'),(308,99,'General en Jefe José Laurencio Silva'),(309,100,'Curiapo'),(310,100,'Almirante Luis Brión'),(311,100,'Francisco Aniceto Lugo'),(312,100,'Manuel Renaud'),(313,100,'Padre Barral'),(314,100,'Santos de Abelgas'),(315,101,'Imataca'),(316,101,'Cinco de Julio'),(317,101,'Juan Bautista Arismendi'),(318,101,'Manuel Piar'),(319,101,'Rómulo Gallegos'),(320,102,'Pedernales'),(321,102,'Luis Beltrán Prieto Figueroa'),(322,103,'San José (Delta Amacuro)'),(323,103,'José Vidal Marcano'),(324,103,'Juan Millán'),(325,103,'Leonardo Ruíz Pineda'),(326,103,'Mariscal Antonio José de Sucre'),(327,103,'Monseñor Argimiro García'),(328,103,'San Rafael (Delta Amacuro)'),(329,103,'Virgen del Valle'),(330,10,'Clarines'),(331,10,'Guanape'),(332,10,'Sabana de Uchire'),(333,104,'Capadare'),(334,104,'La Pastora'),(335,104,'Libertador'),(336,104,'San Juan de los Cayos'),(337,105,'Aracua'),(338,105,'La Peña'),(339,105,'San Luis'),(340,106,'Bariro'),(341,106,'Borojó'),(342,106,'Capatárida'),(343,106,'Guajiro'),(344,106,'Seque'),(345,106,'Zazárida'),(346,106,'Valle de Eroa'),(347,107,'Cacique Manaure'),(348,108,'Norte'),(349,108,'Carirubana'),(350,108,'Santa Ana'),(351,108,'Urbana Punta Cardón'),(352,109,'La Vela de Coro'),(353,109,'Acurigua'),(354,109,'Guaibacoa'),(355,109,'Las Calderas'),(356,109,'Macoruca'),(357,110,'Dabajuro'),(358,111,'Agua Clara'),(359,111,'Avaria'),(360,111,'Pedregal'),(361,111,'Piedra Grande'),(362,111,'Purureche'),(363,112,'Adaure'),(364,112,'Adícora'),(365,112,'Baraived'),(366,112,'Buena Vista'),(367,112,'Jadacaquiva'),(368,112,'El Vínculo'),(369,112,'El Hato'),(370,112,'Moruy'),(371,112,'Pueblo Nuevo'),(372,113,'Agua Larga'),(373,113,'El Paují'),(374,113,'Independencia'),(375,113,'Mapararí'),(376,114,'Agua Linda'),(377,114,'Araurima'),(378,114,'Jacura'),(379,115,'Tucacas'),(380,115,'Boca de Aroa'),(381,116,'Los Taques'),(382,116,'Judibana'),(383,117,'Mene de Mauroa'),(384,117,'San Félix'),(385,117,'Casigua'),(386,118,'Guzmán Guillermo'),(387,118,'Mitare'),(388,118,'Río Seco'),(389,118,'Sabaneta'),(390,118,'San Antonio'),(391,118,'San Gabriel'),(392,118,'Santa Ana'),(393,119,'Boca del Tocuyo'),(394,119,'Chichiriviche'),(395,119,'Tocuyo de la Costa'),(396,120,'Palmasola'),(397,121,'Cabure'),(398,121,'Colina'),(399,121,'Curimagua'),(400,122,'San José de la Costa'),(401,122,'Píritu'),(402,123,'San Francisco'),(403,124,'Sucre'),(404,124,'Pecaya'),(405,125,'Tocópero'),(406,126,'El Charal'),(407,126,'Las Vegas del Tuy'),(408,126,'Santa Cruz de Bucaral'),(409,127,'Bruzual'),(410,127,'Urumaco'),(411,128,'Puerto Cumarebo'),(412,128,'La Ciénaga'),(413,128,'La Soledad'),(414,128,'Pueblo Cumarebo'),(415,128,'Zazárida'),(416,113,'Churuguara'),(417,129,'Camaguán'),(418,129,'Puerto Miranda'),(419,129,'Uverito'),(420,130,'Chaguaramas'),(421,131,'El Socorro'),(422,132,'Tucupido'),(423,132,'San Rafael de Laya'),(424,133,'Altagracia de Orituco'),(425,133,'San Rafael de Orituco'),(426,133,'San Francisco Javier de Lezama'),(427,133,'Paso Real de Macaira'),(428,133,'Carlos Soublette'),(429,133,'San Francisco de Macaira'),(430,133,'Libertad de Orituco'),(431,134,'Cantaclaro'),(432,134,'San Juan de los Morros'),(433,134,'Parapara'),(434,135,'El Sombrero'),(435,135,'Sosa'),(436,136,'Las Mercedes'),(437,136,'Cabruta'),(438,136,'Santa Rita de Manapire'),(439,137,'Valle de la Pascua'),(440,137,'Espino'),(441,138,'San José de Unare'),(442,138,'Zaraza'),(443,139,'San José de Tiznados'),(444,139,'San Francisco de Tiznados'),(445,139,'San Lorenzo de Tiznados'),(446,139,'Ortiz'),(447,140,'Guayabal'),(448,140,'Cazorla'),(449,141,'San José de Guaribe'),(450,141,'Uveral'),(451,142,'Santa María de Ipire'),(452,142,'Altamira'),(453,143,'El Calvario'),(454,143,'El Rastro'),(455,143,'Guardatinajas'),(456,143,'Capital Urbana Calabozo'),(457,144,'Quebrada Honda de Guache'),(458,144,'Pío Tamayo'),(459,144,'Yacambú'),(460,145,'Fréitez'),(461,145,'José María Blanco'),(462,146,'Catedral'),(463,146,'Concepción'),(464,146,'El Cují'),(465,146,'Juan de Villegas'),(466,146,'Santa Rosa'),(467,146,'Tamaca'),(468,146,'Unión'),(469,146,'Aguedo Felipe Alvarado'),(470,146,'Buena Vista'),(471,146,'Juárez'),(472,147,'Juan Bautista Rodríguez'),(473,147,'Cuara'),(474,147,'Diego de Lozada'),(475,147,'Paraíso de San José'),(476,147,'San Miguel'),(477,147,'Tintorero'),(478,147,'José Bernardo Dorante'),(479,147,'Coronel Mariano Peraza '),(480,148,'Bolívar'),(481,148,'Anzoátegui'),(482,148,'Guarico'),(483,148,'Hilario Luna y Luna'),(484,148,'Humocaro Alto'),(485,148,'Humocaro Bajo'),(486,148,'La Candelaria'),(487,148,'Morán'),(488,149,'Cabudare'),(489,149,'José Gregorio Bastidas'),(490,149,'Agua Viva'),(491,150,'Sarare'),(492,150,'Buría'),(493,150,'Gustavo Vegas León'),(494,151,'Trinidad Samuel'),(495,151,'Antonio Díaz'),(496,151,'Camacaro'),(497,151,'Castañeda'),(498,151,'Cecilio Zubillaga'),(499,151,'Chiquinquirá'),(500,151,'El Blanco'),(501,151,'Espinoza de los Monteros'),(502,151,'Lara'),(503,151,'Las Mercedes'),(504,151,'Manuel Morillo'),(505,151,'Montaña Verde'),(506,151,'Montes de Oca'),(507,151,'Torres'),(508,151,'Heriberto Arroyo'),(509,151,'Reyes Vargas'),(510,151,'Altagracia'),(511,152,'Siquisique'),(512,152,'Moroturo'),(513,152,'San Miguel'),(514,152,'Xaguas'),(515,179,'Presidente Betancourt'),(516,179,'Presidente Páez'),(517,179,'Presidente Rómulo Gallegos'),(518,179,'Gabriel Picón González'),(519,179,'Héctor Amable Mora'),(520,179,'José Nucete Sardi'),(521,179,'Pulido Méndez'),(522,180,'La Azulita'),(523,181,'Santa Cruz de Mora'),(524,181,'Mesa Bolívar'),(525,181,'Mesa de Las Palmas'),(526,182,'Aricagua'),(527,182,'San Antonio'),(528,183,'Canagua'),(529,183,'Capurí'),(530,183,'Chacantá'),(531,183,'El Molino'),(532,183,'Guaimaral'),(533,183,'Mucutuy'),(534,183,'Mucuchachí'),(535,184,'Fernández Peña'),(536,184,'Matriz'),(537,184,'Montalbán'),(538,184,'Acequias'),(539,184,'Jají'),(540,184,'La Mesa'),(541,184,'San José del Sur'),(542,185,'Tucaní'),(543,185,'Florencio Ramírez'),(544,186,'Santo Domingo'),(545,186,'Las Piedras'),(546,187,'Guaraque'),(547,187,'Mesa de Quintero'),(548,187,'Río Negro'),(549,188,'Arapuey'),(550,188,'Palmira'),(551,189,'San Cristóbal de Torondoy'),(552,189,'Torondoy'),(553,190,'Antonio Spinetti Dini'),(554,190,'Arias'),(555,190,'Caracciolo Parra Pérez'),(556,190,'Domingo Peña'),(557,190,'El Llano'),(558,190,'Gonzalo Picón Febres'),(559,190,'Jacinto Plaza'),(560,190,'Juan Rodríguez Suárez'),(561,190,'Lasso de la Vega'),(562,190,'Mariano Picón Salas'),(563,190,'Milla'),(564,190,'Osuna Rodríguez'),(565,190,'Sagrario'),(566,190,'El Morro'),(567,190,'Los Nevados'),(568,191,'Andrés Eloy Blanco'),(569,191,'La Venta'),(570,191,'Piñango'),(571,191,'Timotes'),(572,192,'Eloy Paredes'),(573,192,'San Rafael de Alcázar'),(574,192,'Santa Elena de Arenales'),(575,193,'Santa María de Caparo'),(576,194,'Pueblo Llano'),(577,195,'Cacute'),(578,195,'La Toma'),(579,195,'Mucuchíes'),(580,195,'Mucurubá'),(581,195,'San Rafael'),(582,196,'Gerónimo Maldonado'),(583,196,'Bailadores'),(584,197,'Tabay'),(585,198,'Chiguará'),(586,198,'Estánquez'),(587,198,'Lagunillas'),(588,198,'La Trampa'),(589,198,'Pueblo Nuevo del Sur'),(590,198,'San Juan'),(591,199,'El Amparo'),(592,199,'El Llano'),(593,199,'San Francisco'),(594,199,'Tovar'),(595,200,'Independencia'),(596,200,'María de la Concepción Palacios Blanco'),(597,200,'Nueva Bolivia'),(598,200,'Santa Apolonia'),(599,201,'Caño El Tigre'),(600,201,'Zea'),(601,223,'Aragüita'),(602,223,'Arévalo González'),(603,223,'Capaya'),(604,223,'Caucagua'),(605,223,'Panaquire'),(606,223,'Ribas'),(607,223,'El Café'),(608,223,'Marizapa'),(609,224,'Cumbo'),(610,224,'San José de Barlovento'),(611,225,'El Cafetal'),(612,225,'Las Minas'),(613,225,'Nuestra Señora del Rosario'),(614,226,'Higuerote'),(615,226,'Curiepe'),(616,226,'Tacarigua de Brión'),(617,227,'Mamporal'),(618,228,'Carrizal'),(619,229,'Chacao'),(620,230,'Charallave'),(621,230,'Las Brisas'),(622,231,'El Hatillo'),(623,232,'Altagracia de la Montaña'),(624,232,'Cecilio Acosta'),(625,232,'Los Teques'),(626,232,'El Jarillo'),(627,232,'San Pedro'),(628,232,'Tácata'),(629,232,'Paracotos'),(630,233,'Cartanal'),(631,233,'Santa Teresa del Tuy'),(632,234,'La Democracia'),(633,234,'Ocumare del Tuy'),(634,234,'Santa Bárbara'),(635,235,'San Antonio de los Altos'),(636,236,'Río Chico'),(637,236,'El Guapo'),(638,236,'Tacarigua de la Laguna'),(639,236,'Paparo'),(640,236,'San Fernando del Guapo'),(641,237,'Santa Lucía del Tuy'),(642,238,'Cúpira'),(643,238,'Machurucuto'),(644,239,'Guarenas'),(645,240,'San Antonio de Yare'),(646,240,'San Francisco de Yare'),(647,241,'Leoncio Martínez'),(648,241,'Petare'),(649,241,'Caucagüita'),(650,241,'Filas de Mariche'),(651,241,'La Dolorita'),(652,242,'Cúa'),(653,242,'Nueva Cúa'),(654,243,'Guatire'),(655,243,'Bolívar'),(656,258,'San Antonio de Maturín'),(657,258,'San Francisco de Maturín'),(658,259,'Aguasay'),(659,260,'Caripito'),(660,261,'El Guácharo'),(661,261,'La Guanota'),(662,261,'Sabana de Piedra'),(663,261,'San Agustín'),(664,261,'Teresen'),(665,261,'Caripe'),(666,262,'Areo'),(667,262,'Capital Cedeño'),(668,262,'San Félix de Cantalicio'),(669,262,'Viento Fresco'),(670,263,'El Tejero'),(671,263,'Punta de Mata'),(672,264,'Chaguaramas'),(673,264,'Las Alhuacas'),(674,264,'Tabasca'),(675,264,'Temblador'),(676,265,'Alto de los Godos'),(677,265,'Boquerón'),(678,265,'Las Cocuizas'),(679,265,'La Cruz'),(680,265,'San Simón'),(681,265,'El Corozo'),(682,265,'El Furrial'),(683,265,'Jusepín'),(684,265,'La Pica'),(685,265,'San Vicente'),(686,266,'Aparicio'),(687,266,'Aragua de Maturín'),(688,266,'Chaguamal'),(689,266,'El Pinto'),(690,266,'Guanaguana'),(691,266,'La Toscana'),(692,266,'Taguaya'),(693,267,'Cachipo'),(694,267,'Quiriquire'),(695,268,'Santa Bárbara'),(696,269,'Barrancas'),(697,269,'Los Barrancos de Fajardo'),(698,270,'Uracoa'),(699,271,'Antolín del Campo'),(700,272,'Arismendi'),(701,273,'García'),(702,273,'Francisco Fajardo'),(703,274,'Bolívar'),(704,274,'Guevara'),(705,274,'Matasiete'),(706,274,'Santa Ana'),(707,274,'Sucre'),(708,275,'Aguirre'),(709,275,'Maneiro'),(710,276,'Adrián'),(711,276,'Juan Griego'),(712,276,'Yaguaraparo'),(713,277,'Porlamar'),(714,278,'San Francisco de Macanao'),(715,278,'Boca de Río'),(716,279,'Tubores'),(717,279,'Los Baleales'),(718,280,'Vicente Fuentes'),(719,280,'Villalba'),(720,281,'San Juan Bautista'),(721,281,'Zabala'),(722,283,'Capital Araure'),(723,283,'Río Acarigua'),(724,284,'Capital Esteller'),(725,284,'Uveral'),(726,285,'Guanare'),(727,285,'Córdoba'),(728,285,'San José de la Montaña'),(729,285,'San Juan de Guanaguanare'),(730,285,'Virgen de la Coromoto'),(731,286,'Guanarito'),(732,286,'Trinidad de la Capilla'),(733,286,'Divina Pastora'),(734,287,'Monseñor José Vicente de Unda'),(735,287,'Peña Blanca'),(736,288,'Capital Ospino'),(737,288,'Aparición'),(738,288,'La Estación'),(739,289,'Páez'),(740,289,'Payara'),(741,289,'Pimpinela'),(742,289,'Ramón Peraza'),(743,290,'Papelón'),(744,290,'Caño Delgadito'),(745,291,'San Genaro de Boconoito'),(746,291,'Antolín Tovar'),(747,292,'San Rafael de Onoto'),(748,292,'Santa Fe'),(749,292,'Thermo Morles'),(750,293,'Santa Rosalía'),(751,293,'Florida'),(752,294,'Sucre'),(753,294,'Concepción'),(754,294,'San Rafael de Palo Alzado'),(755,294,'Uvencio Antonio Velásquez'),(756,294,'San José de Saguaz'),(757,294,'Villa Rosa'),(758,295,'Turén'),(759,295,'Canelones'),(760,295,'Santa Cruz'),(761,295,'San Isidro Labrador'),(762,296,'Mariño'),(763,296,'Rómulo Gallegos'),(764,297,'San José de Aerocuar'),(765,297,'Tavera Acosta'),(766,298,'Río Caribe'),(767,298,'Antonio José de Sucre'),(768,298,'El Morro de Puerto Santo'),(769,298,'Puerto Santo'),(770,298,'San Juan de las Galdonas'),(771,299,'El Pilar'),(772,299,'El Rincón'),(773,299,'General Francisco Antonio Váquez'),(774,299,'Guaraúnos'),(775,299,'Tunapuicito'),(776,299,'Unión'),(777,300,'Santa Catalina'),(778,300,'Santa Rosa'),(779,300,'Santa Teresa'),(780,300,'Bolívar'),(781,300,'Maracapana'),(782,302,'Libertad'),(783,302,'El Paujil'),(784,302,'Yaguaraparo'),(785,303,'Cruz Salmerón Acosta'),(786,303,'Chacopata'),(787,303,'Manicuare'),(788,304,'Tunapuy'),(789,304,'Campo Elías'),(790,305,'Irapa'),(791,305,'Campo Claro'),(792,305,'Maraval'),(793,305,'San Antonio de Irapa'),(794,305,'Soro'),(795,306,'Mejía'),(796,307,'Cumanacoa'),(797,307,'Arenas'),(798,307,'Aricagua'),(799,307,'Cogollar'),(800,307,'San Fernando'),(801,307,'San Lorenzo'),(802,308,'Villa Frontado (Muelle de Cariaco)'),(803,308,'Catuaro'),(804,308,'Rendón'),(805,308,'San Cruz'),(806,308,'Santa María'),(807,309,'Altagracia'),(808,309,'Santa Inés'),(809,309,'Valentín Valiente'),(810,309,'Ayacucho'),(811,309,'San Juan'),(812,309,'Raúl Leoni'),(813,309,'Gran Mariscal'),(814,310,'Cristóbal Colón'),(815,310,'Bideau'),(816,310,'Punta de Piedras'),(817,310,'Güiria'),(818,341,'Andrés Bello'),(819,342,'Antonio Rómulo Costa'),(820,343,'Ayacucho'),(821,343,'Rivas Berti'),(822,343,'San Pedro del Río'),(823,344,'Bolívar'),(824,344,'Palotal'),(825,344,'General Juan Vicente Gómez'),(826,344,'Isaías Medina Angarita'),(827,345,'Cárdenas'),(828,345,'Amenodoro Ángel Lamus'),(829,345,'La Florida'),(830,346,'Córdoba'),(831,347,'Fernández Feo'),(832,347,'Alberto Adriani'),(833,347,'Santo Domingo'),(834,348,'Francisco de Miranda'),(835,349,'García de Hevia'),(836,349,'Boca de Grita'),(837,349,'José Antonio Páez'),(838,350,'Guásimos'),(839,351,'Independencia'),(840,351,'Juan Germán Roscio'),(841,351,'Román Cárdenas'),(842,352,'Jáuregui'),(843,352,'Emilio Constantino Guerrero'),(844,352,'Monseñor Miguel Antonio Salas'),(845,353,'José María Vargas'),(846,354,'Junín'),(847,354,'La Petrólea'),(848,354,'Quinimarí'),(849,354,'Bramón'),(850,355,'Libertad'),(851,355,'Cipriano Castro'),(852,355,'Manuel Felipe Rugeles'),(853,356,'Libertador'),(854,356,'Doradas'),(855,356,'Emeterio Ochoa'),(856,356,'San Joaquín de Navay'),(857,357,'Lobatera'),(858,357,'Constitución'),(859,358,'Michelena'),(860,359,'Panamericano'),(861,359,'La Palmita'),(862,360,'Pedro María Ureña'),(863,360,'Nueva Arcadia'),(864,361,'Delicias'),(865,361,'Pecaya'),(866,362,'Samuel Darío Maldonado'),(867,362,'Boconó'),(868,362,'Hernández'),(869,363,'La Concordia'),(870,363,'San Juan Bautista'),(871,363,'Pedro María Morantes'),(872,363,'San Sebastián'),(873,363,'Dr. Francisco Romero Lobo'),(874,364,'Seboruco'),(875,365,'Simón Rodríguez'),(876,366,'Sucre'),(877,366,'Eleazar López Contreras'),(878,366,'San Pablo'),(879,367,'Torbes'),(880,368,'Uribante'),(881,368,'Cárdenas'),(882,368,'Juan Pablo Peñalosa'),(883,368,'Potosí'),(884,369,'San Judas Tadeo'),(885,370,'Araguaney'),(886,370,'El Jaguito'),(887,370,'La Esperanza'),(888,370,'Santa Isabel'),(889,371,'Boconó'),(890,371,'El Carmen'),(891,371,'Mosquey'),(892,371,'Ayacucho'),(893,371,'Burbusay'),(894,371,'General Ribas'),(895,371,'Guaramacal'),(896,371,'Vega de Guaramacal'),(897,371,'Monseñor Jáuregui'),(898,371,'Rafael Rangel'),(899,371,'San Miguel'),(900,371,'San José'),(901,372,'Sabana Grande'),(902,372,'Cheregüé'),(903,372,'Granados'),(904,373,'Arnoldo Gabaldón'),(905,373,'Bolivia'),(906,373,'Carrillo'),(907,373,'Cegarra'),(908,373,'Chejendé'),(909,373,'Manuel Salvador Ulloa'),(910,373,'San José'),(911,374,'Carache'),(912,374,'La Concepción'),(913,374,'Cuicas'),(914,374,'Panamericana'),(915,374,'Santa Cruz'),(916,375,'Escuque'),(917,375,'La Unión'),(918,375,'Santa Rita'),(919,375,'Sabana Libre'),(920,376,'El Socorro'),(921,376,'Los Caprichos'),(922,376,'Antonio José de Sucre'),(923,377,'Campo Elías'),(924,377,'Arnoldo Gabaldón'),(925,378,'Santa Apolonia'),(926,378,'El Progreso'),(927,378,'La Ceiba'),(928,378,'Tres de Febrero'),(929,379,'El Dividive'),(930,379,'Agua Santa'),(931,379,'Agua Caliente'),(932,379,'El Cenizo'),(933,379,'Valerita'),(934,380,'Monte Carmelo'),(935,380,'Buena Vista'),(936,380,'Santa María del Horcón'),(937,381,'Motatán'),(938,381,'El Baño'),(939,381,'Jalisco'),(940,382,'Pampán'),(941,382,'Flor de Patria'),(942,382,'La Paz'),(943,382,'Santa Ana'),(944,383,'Pampanito'),(945,383,'La Concepción'),(946,383,'Pampanito II'),(947,384,'Betijoque'),(948,384,'José Gregorio Hernández'),(949,384,'La Pueblita'),(950,384,'Los Cedros'),(951,385,'Carvajal'),(952,385,'Campo Alegre'),(953,385,'Antonio Nicolás Briceño'),(954,385,'José Leonardo Suárez'),(955,386,'Sabana de Mendoza'),(956,386,'Junín'),(957,386,'Valmore Rodríguez'),(958,386,'El Paraíso'),(959,387,'Andrés Linares'),(960,387,'Chiquinquirá'),(961,387,'Cristóbal Mendoza'),(962,387,'Cruz Carrillo'),(963,387,'Matriz'),(964,387,'Monseñor Carrillo'),(965,387,'Tres Esquinas'),(966,388,'Cabimbú'),(967,388,'Jajó'),(968,388,'La Mesa de Esnujaque'),(969,388,'Santiago'),(970,388,'Tuñame'),(971,388,'La Quebrada'),(972,389,'Juan Ignacio Montilla'),(973,389,'La Beatriz'),(974,389,'La Puerta'),(975,389,'Mendoza del Valle de Momboy'),(976,389,'Mercedes Díaz'),(977,389,'San Luis'),(978,390,'Caraballeda'),(979,390,'Carayaca'),(980,390,'Carlos Soublette'),(981,390,'Caruao Chuspa'),(982,390,'Catia La Mar'),(983,390,'El Junko'),(984,390,'La Guaira'),(985,390,'Macuto'),(986,390,'Maiquetía'),(987,390,'Naiguatá'),(988,390,'Urimare'),(989,391,'Arístides Bastidas'),(990,392,'Bolívar'),(991,407,'Chivacoa'),(992,407,'Campo Elías'),(993,408,'Cocorote'),(994,409,'Independencia'),(995,410,'José Antonio Páez'),(996,411,'La Trinidad'),(997,412,'Manuel Monge'),(998,413,'Salóm'),(999,413,'Temerla'),(1000,413,'Nirgua'),(1001,414,'San Andrés'),(1002,414,'Yaritagua'),(1003,415,'San Javier'),(1004,415,'Albarico'),(1005,415,'San Felipe'),(1006,416,'Sucre'),(1007,417,'Urachiche'),(1008,418,'El Guayabo'),(1009,418,'Farriar'),(1010,441,'Isla de Toas'),(1011,441,'Monagas'),(1012,442,'San Timoteo'),(1013,442,'General Urdaneta'),(1014,442,'Libertador'),(1015,442,'Marcelino Briceño'),(1016,442,'Pueblo Nuevo'),(1017,442,'Manuel Guanipa Matos'),(1018,443,'Ambrosio'),(1019,443,'Carmen Herrera'),(1020,443,'La Rosa'),(1021,443,'Germán Ríos Linares'),(1022,443,'San Benito'),(1023,443,'Rómulo Betancourt'),(1024,443,'Jorge Hernández'),(1025,443,'Punta Gorda'),(1026,443,'Arístides Calvani'),(1027,444,'Encontrados'),(1028,444,'Udón Pérez'),(1029,445,'Moralito'),(1030,445,'San Carlos del Zulia'),(1031,445,'Santa Cruz del Zulia'),(1032,445,'Santa Bárbara'),(1033,445,'Urribarrí'),(1034,446,'Carlos Quevedo'),(1035,446,'Francisco Javier Pulgar'),(1036,446,'Simón Rodríguez'),(1037,446,'Guamo-Gavilanes'),(1038,448,'La Concepción'),(1039,448,'San José'),(1040,448,'Mariano Parra León'),(1041,448,'José Ramón Yépez'),(1042,449,'Jesús María Semprún'),(1043,449,'Barí'),(1044,450,'Concepción'),(1045,450,'Andrés Bello'),(1046,450,'Chiquinquirá'),(1047,450,'El Carmelo'),(1048,450,'Potreritos'),(1049,451,'Libertad'),(1050,451,'Alonso de Ojeda'),(1051,451,'Venezuela'),(1052,451,'Eleazar López Contreras'),(1053,451,'Campo Lara'),(1054,452,'Bartolomé de las Casas'),(1055,452,'Libertad'),(1056,452,'Río Negro'),(1057,452,'San José de Perijá'),(1058,453,'San Rafael'),(1059,453,'La Sierrita'),(1060,453,'Las Parcelas'),(1061,453,'Luis de Vicente'),(1062,453,'Monseñor Marcos Sergio Godoy'),(1063,453,'Ricaurte'),(1064,453,'Tamare'),(1065,454,'Antonio Borjas Romero'),(1066,454,'Bolívar'),(1067,454,'Cacique Mara'),(1068,454,'Carracciolo Parra Pérez'),(1069,454,'Cecilio Acosta'),(1070,454,'Cristo de Aranza'),(1071,454,'Coquivacoa'),(1072,454,'Chiquinquirá'),(1073,454,'Francisco Eugenio Bustamante'),(1074,454,'Idelfonzo Vásquez'),(1075,454,'Juana de Ávila'),(1076,454,'Luis Hurtado Higuera'),(1077,454,'Manuel Dagnino'),(1078,454,'Olegario Villalobos'),(1079,454,'Raúl Leoni'),(1080,454,'Santa Lucía'),(1081,454,'Venancio Pulgar'),(1082,454,'San Isidro'),(1083,455,'Altagracia'),(1084,455,'Faría'),(1085,455,'Ana María Campos'),(1086,455,'San Antonio'),(1087,455,'San José'),(1088,456,'Donaldo García'),(1089,456,'El Rosario'),(1090,456,'Sixto Zambrano'),(1091,457,'San Francisco'),(1092,457,'El Bajo'),(1093,457,'Domitila Flores'),(1094,457,'Francisco Ochoa'),(1095,457,'Los Cortijos'),(1096,457,'Marcial Hernández'),(1097,458,'Santa Rita'),(1098,458,'El Mene'),(1099,458,'Pedro Lucas Urribarrí'),(1100,458,'José Cenobio Urribarrí'),(1101,459,'Rafael Maria Baralt'),(1102,459,'Manuel Manrique'),(1103,459,'Rafael Urdaneta'),(1104,460,'Bobures'),(1105,460,'Gibraltar'),(1106,460,'Heras'),(1107,460,'Monseñor Arturo Álvarez'),(1108,460,'Rómulo Gallegos'),(1109,460,'El Batey'),(1110,461,'Rafael Urdaneta'),(1111,461,'La Victoria'),(1112,461,'Raúl Cuenca'),(1113,447,'Sinamaica'),(1114,447,'Alta Guajira'),(1115,447,'Elías Sánchez Rubio'),(1116,447,'Guajira'),(1117,462,'Altagracia'),(1118,462,'Antímano'),(1119,462,'Caricuao'),(1120,462,'Catedral'),(1121,462,'Coche'),(1122,462,'El Junquito'),(1123,462,'El Paraíso'),(1124,462,'El Recreo'),(1125,462,'El Valle'),(1126,462,'La Candelaria'),(1127,462,'La Pastora'),(1128,462,'La Vega'),(1129,462,'Macarao'),(1130,462,'San Agustín'),(1131,462,'San Bernardino'),(1132,462,'San José'),(1133,462,'San Juan'),(1134,462,'San Pedro'),(1135,462,'Santa Rosalía'),(1136,462,'Santa Teresa'),(1137,462,'Sucre (Catia)'),(1138,462,'23 de enero');
/*!40000 ALTER TABLE `parroquias` ENABLE KEYS */;
UNLOCK TABLES;

--
-- Table structure for table `payment_methods`
--

DROP TABLE IF EXISTS `payment_methods`;
/*!40101 SET @saved_cs_client     = @@character_set_client */;
/*!50503 SET character_set_client = utf8mb4 */;
CREATE TABLE `payment_methods` (
  `id` int NOT NULL AUTO_INCREMENT,
  `name` varchar(50) NOT NULL,
  `description` varchar(250) NOT NULL,
  `comision` decimal(10,0) NOT NULL,
  PRIMARY KEY (`id`)
) ENGINE=InnoDB AUTO_INCREMENT=6 DEFAULT CHARSET=utf8mb4;
/*!40101 SET character_set_client = @saved_cs_client */;

--
-- Dumping data for table `payment_methods`
--

LOCK TABLES `payment_methods` WRITE;
/*!40000 ALTER TABLE `payment_methods` DISABLE KEYS */;
INSERT INTO `payment_methods` VALUES (1,'SQUARE','PAGO',0),(2,'PAYPAL','PAGO',0),(3,'BTC','PAGO',0),(4,'TRANSFERENCIA','PAGO',0),(5,'CASH','PAGO',0);
/*!40000 ALTER TABLE `payment_methods` ENABLE KEYS */;
UNLOCK TABLES;

--
-- Table structure for table `promocion`
--

DROP TABLE IF EXISTS `promocion`;
/*!40101 SET @saved_cs_client     = @@character_set_client */;
/*!50503 SET character_set_client = utf8mb4 */;
CREATE TABLE `promocion` (
  `id` int NOT NULL AUTO_INCREMENT,
  `name` varchar(80) NOT NULL,
  `costo` int NOT NULL,
  `alto` int NOT NULL,
  `largo` int NOT NULL,
  `ancho` int NOT NULL,
  PRIMARY KEY (`id`)
) ENGINE=InnoDB DEFAULT CHARSET=utf8mb4;
/*!40101 SET character_set_client = @saved_cs_client */;

--
-- Dumping data for table `promocion`
--

LOCK TABLES `promocion` WRITE;
/*!40000 ALTER TABLE `promocion` DISABLE KEYS */;
/*!40000 ALTER TABLE `promocion` ENABLE KEYS */;
UNLOCK TABLES;

--
-- Table structure for table `promociones`
--

DROP TABLE IF EXISTS `promociones`;
/*!40101 SET @saved_cs_client     = @@character_set_client */;
/*!50503 SET character_set_client = utf8mb4 */;
CREATE TABLE `promociones` (
  `id` int NOT NULL AUTO_INCREMENT,
  `largo` float(10,2) DEFAULT NULL,
  `ancho` float(10,2) DEFAULT NULL,
  `alto` float(10,2) DEFAULT NULL,
  `lbvol` float(10,2) DEFAULT NULL,
  `piecubico` float(10,2) DEFAULT NULL,
  `pesolb` float(10,2) DEFAULT NULL,
  `costo_box` float(10,2) DEFAULT NULL,
  `nombre` varchar(50) DEFAULT NULL,
  PRIMARY KEY (`id`)
) ENGINE=InnoDB AUTO_INCREMENT=11 DEFAULT CHARSET=utf8mb4;
/*!40101 SET character_set_client = @saved_cs_client */;

--
-- Dumping data for table `promociones`
--

LOCK TABLES `promociones` WRITE;
/*!40000 ALTER TABLE `promociones` DISABLE KEYS */;
INSERT INTO `promociones` VALUES (1,15.00,22.00,16.00,31.00,3.00,NULL,4.00,'MEDIUM1'),(2,18.00,18.00,16.00,31.23,3.01,NULL,4.00,'MEDIUM2'),(3,12.00,12.00,16.00,13.88,1.40,NULL,2.00,'SMALL'),(4,18.00,18.00,24.00,46.84,4.52,NULL,6.00,'LARGE'),(5,22.00,22.00,22.00,64.14,6.19,NULL,7.00,'EXTRALARGE'),(6,12.00,12.00,12.00,NULL,1.00,NULL,2.00,'BOX1'),(7,14.00,14.00,14.00,NULL,1.60,NULL,2.00,'BOX2'),(8,16.00,16.00,16.00,NULL,2.38,NULL,3.00,'BOX3'),(9,18.00,18.00,18.00,NULL,3.39,NULL,5.00,'BOX4'),(10,20.00,16.00,16.00,NULL,2.98,NULL,4.00,'BOX5');
/*!40000 ALTER TABLE `promociones` ENABLE KEYS */;
UNLOCK TABLES;

--
-- Table structure for table `regions`
--

DROP TABLE IF EXISTS `regions`;
/*!40101 SET @saved_cs_client     = @@character_set_client */;
/*!50503 SET character_set_client = utf8mb4 */;
CREATE TABLE `regions` (
  `id` int NOT NULL AUTO_INCREMENT,
  `name` varchar(45) NOT NULL,
  `active` tinyint(1) NOT NULL DEFAULT '1',
  PRIMARY KEY (`id`)
) ENGINE=InnoDB AUTO_INCREMENT=13 DEFAULT CHARSET=utf8mb3;
/*!40101 SET character_set_client = @saved_cs_client */;

--
-- Dumping data for table `regions`
--

LOCK TABLES `regions` WRITE;
/*!40000 ALTER TABLE `regions` DISABLE KEYS */;
INSERT INTO `regions` VALUES (1,'ORIENTE',1),(2,'OCCIDENTE',1),(3,'CENTRO',1),(4,'CENTRO-OCCIDENTE',1);
/*!40000 ALTER TABLE `regions` ENABLE KEYS */;
UNLOCK TABLES;

--
-- Table structure for table `services`
--

DROP TABLE IF EXISTS `services`;
/*!40101 SET @saved_cs_client     = @@character_set_client */;
/*!50503 SET character_set_client = utf8mb4 */;
CREATE TABLE `services` (
  `id` int NOT NULL AUTO_INCREMENT,
  `name` varchar(100) NOT NULL,
  `description` varchar(250) DEFAULT NULL,
  PRIMARY KEY (`id`)
) ENGINE=InnoDB DEFAULT CHARSET=utf8mb4;
/*!40101 SET character_set_client = @saved_cs_client */;

--
-- Dumping data for table `services`
--

LOCK TABLES `services` WRITE;
/*!40000 ALTER TABLE `services` DISABLE KEYS */;
/*!40000 ALTER TABLE `services` ENABLE KEYS */;
UNLOCK TABLES;

--
-- Table structure for table `state_register`
--

DROP TABLE IF EXISTS `state_register`;
/*!40101 SET @saved_cs_client     = @@character_set_client */;
/*!50503 SET character_set_client = utf8mb4 */;
CREATE TABLE `state_register` (
  `id` int NOT NULL AUTO_INCREMENT,
  `state_name` varchar(150) NOT NULL,
  `country_id` int NOT NULL,
  PRIMARY KEY (`id`)
) ENGINE=InnoDB AUTO_INCREMENT=6 DEFAULT CHARSET=utf8mb4;
/*!40101 SET character_set_client = @saved_cs_client */;

--
-- Dumping data for table `state_register`
--

LOCK TABLES `state_register` WRITE;
/*!40000 ALTER TABLE `state_register` DISABLE KEYS */;
INSERT INTO `state_register` VALUES (1,'NUEVA STAEA',10),(2,'ANDORRA',5),(3,'BOLIVAR',2),(4,'ecdcd',3),(5,'CHILE',39);
/*!40000 ALTER TABLE `state_register` ENABLE KEYS */;
UNLOCK TABLES;

--
-- Table structure for table `stock`
--

DROP TABLE IF EXISTS `stock`;
/*!40101 SET @saved_cs_client     = @@character_set_client */;
/*!50503 SET character_set_client = utf8mb4 */;
CREATE TABLE `stock` (
  `id` int NOT NULL AUTO_INCREMENT,
  `name` varchar(45) NOT NULL,
  `active` tinyint(1) NOT NULL DEFAULT '1',
  `id_headquarter` int NOT NULL,
  PRIMARY KEY (`id`)
) ENGINE=InnoDB AUTO_INCREMENT=4 DEFAULT CHARSET=utf8mb3;
/*!40101 SET character_set_client = @saved_cs_client */;

--
-- Dumping data for table `stock`
--

LOCK TABLES `stock` WRITE;
/*!40000 ALTER TABLE `stock` DISABLE KEYS */;
INSERT INTO `stock` VALUES (1,'Pruebas alma',1,1),(2,'Pruebas',1,2),(3,'Pruebas 111',1,2);
/*!40000 ALTER TABLE `stock` ENABLE KEYS */;
UNLOCK TABLES;

--
-- Table structure for table `transp`
--

DROP TABLE IF EXISTS `transp`;
/*!40101 SET @saved_cs_client     = @@character_set_client */;
/*!50503 SET character_set_client = utf8mb4 */;
CREATE TABLE `transp` (
  `id` int NOT NULL AUTO_INCREMENT,
  `name` varchar(45) NOT NULL,
  `active` tinyint(1) NOT NULL DEFAULT '1',
  PRIMARY KEY (`id`)
) ENGINE=InnoDB AUTO_INCREMENT=6 DEFAULT CHARSET=utf8mb3;
/*!40101 SET character_set_client = @saved_cs_client */;

--
-- Dumping data for table `transp`
--

LOCK TABLES `transp` WRITE;
/*!40000 ALTER TABLE `transp` DISABLE KEYS */;
INSERT INTO `transp` VALUES (1,'FEDEX',1),(2,'UPS',1),(3,'DHL',1),(4,'AMAZON',1),(5,'USPS',1);
/*!40000 ALTER TABLE `transp` ENABLE KEYS */;
UNLOCK TABLES;

--
-- Table structure for table `trip`
--

DROP TABLE IF EXISTS `trip`;
/*!40101 SET @saved_cs_client     = @@character_set_client */;
/*!50503 SET character_set_client = utf8mb4 */;
CREATE TABLE `trip` (
  `id` int NOT NULL AUTO_INCREMENT,
  `name` varchar(45) NOT NULL,
  `active` tinyint(1) NOT NULL DEFAULT '1',
  PRIMARY KEY (`id`)
) ENGINE=InnoDB AUTO_INCREMENT=3 DEFAULT CHARSET=utf8mb3;
/*!40101 SET character_set_client = @saved_cs_client */;

--
-- Dumping data for table `trip`
--

LOCK TABLES `trip` WRITE;
/*!40000 ALTER TABLE `trip` DISABLE KEYS */;
INSERT INTO `trip` VALUES (1,'Aereo',1),(2,'Maritimo',1);
/*!40000 ALTER TABLE `trip` ENABLE KEYS */;
UNLOCK TABLES;

--
-- Table structure for table `user_states`
--

DROP TABLE IF EXISTS `user_states`;
/*!40101 SET @saved_cs_client     = @@character_set_client */;
/*!50503 SET character_set_client = utf8mb4 */;
CREATE TABLE `user_states` (
  `id` int NOT NULL AUTO_INCREMENT,
  `name` varchar(45) NOT NULL,
  `active` tinyint(1) NOT NULL DEFAULT '1',
  PRIMARY KEY (`id`)
) ENGINE=InnoDB AUTO_INCREMENT=3 DEFAULT CHARSET=utf8mb3;
/*!40101 SET character_set_client = @saved_cs_client */;

--
-- Dumping data for table `user_states`
--

LOCK TABLES `user_states` WRITE;
/*!40000 ALTER TABLE `user_states` DISABLE KEYS */;
INSERT INTO `user_states` VALUES (1,'HABILITADO',1),(2,'INHABILITADO',1);
/*!40000 ALTER TABLE `user_states` ENABLE KEYS */;
UNLOCK TABLES;

--
-- Table structure for table `user_types`
--

DROP TABLE IF EXISTS `user_types`;
/*!40101 SET @saved_cs_client     = @@character_set_client */;
/*!50503 SET character_set_client = utf8mb4 */;
CREATE TABLE `user_types` (
  `id` int NOT NULL AUTO_INCREMENT,
  `name` varchar(45) NOT NULL,
  PRIMARY KEY (`id`)
) ENGINE=InnoDB AUTO_INCREMENT=6 DEFAULT CHARSET=utf8mb3;
/*!40101 SET character_set_client = @saved_cs_client */;

--
-- Dumping data for table `user_types`
--

LOCK TABLES `user_types` WRITE;
/*!40000 ALTER TABLE `user_types` DISABLE KEYS */;
INSERT INTO `user_types` VALUES (1,'Destinatario'),(2,'Cliente'),(3,'Operador'),(4,'Admin'),(5,'Empresa');
/*!40000 ALTER TABLE `user_types` ENABLE KEYS */;
UNLOCK TABLES;

--
-- Table structure for table `users`
--

DROP TABLE IF EXISTS `users`;
/*!40101 SET @saved_cs_client     = @@character_set_client */;
/*!50503 SET character_set_client = utf8mb4 */;
CREATE TABLE `users` (
  `id` int NOT NULL AUTO_INCREMENT,
  `name` varchar(45) NOT NULL,
  `lastname` varchar(45) NOT NULL,
  `email` varchar(100) NOT NULL,
  `document` varchar(100) NOT NULL,
  `country` varchar(45) NOT NULL,
  `phone` varchar(45) NOT NULL,
  `phone_house` varchar(45) NOT NULL,
  `user_type` int NOT NULL,
  `password` varchar(100) NOT NULL,
  `id_headquarter` int NOT NULL DEFAULT '0',
  `code` text,
  `born_date` date NOT NULL,
  `confirmed` tinyint(1) NOT NULL DEFAULT '0',
  `temp_token` varchar(300) DEFAULT NULL,
  `state_id` int DEFAULT NULL,
  `city_id` int DEFAULT NULL,
  `address` varchar(200) DEFAULT NULL,
  `state_name` varchar(100) DEFAULT NULL,
  `city_name` varchar(100) DEFAULT NULL,
  `country_id` int DEFAULT NULL,
  PRIMARY KEY (`id`)
) ENGINE=InnoDB AUTO_INCREMENT=50080 DEFAULT CHARSET=utf8mb3;
/*!40101 SET character_set_client = @saved_cs_client */;

--
-- Dumping data for table `users`
--

LOCK TABLES `users` WRITE;
/*!40000 ALTER TABLE `users` DISABLE KEYS */;
INSERT INTO `users` VALUES (50028,'Gabriel','Romero','gabrielromero8@hotmail.com','14043331','VENEZUELA','9544517671','',3,'$2y$10$MXBY7X6WPwE/74SccpA/9O6YgE6UR3Mh0uT3m5ym/c3mi6bdwCmy2',1,'TE-50028','1979-04-07',1,'',6,11,'URB LAS GARZAS','BOLÍVAR','PUERTO ORDAZ',1),(50049,'reissy jose','torres emanuelli','rjte.1993@gmail.com','20504717','VENEZUELA','041489866741','',3,'$2y$10$aC20bxjenHuE26YVkjayxe4Ea7qd2rOwARB1YaKrOXWk5F1cEa4N2',1,'TE-50049','1993-01-01',1,'ea45cebce136b1391e29f5b6c378d58abf720cbf16b0564b5eab456aeb8f8c10536a2d36a80168093728ec0067223b19bc42b44dcc2f57066713ee716b6d1a5a',6,11,'URB LOMAS DEL CARONI, MZNA 27, CASA NRO 600','BOLÍVAR','PUERTO ORDAZ',1),(50055,'Marliby','Vargas','mvp1@mvp.com','123456789','ALEMANIA','01020304','',2,'$2y$10$aC20bxjenHuE26YVkjayxe4Ea7qd2rOwARB1YaKrOXWk5F1cEa4N2',0,'TE-50060','1990-01-01',1,'',0,0,'W DJ DWNDDFDF','ALEMANI','SNNDNSD',4),(50072,'Ines Maria','Emanuelli de Torres','rjte.1993+2021@gmail.com','8939423','VENEZUELA','04148752963','02869520525',2,'$2y$10$n4TnEaA8WtcRBMPTlqJ0b.WSeDO41pTEZihCJ9nc3UlsU3hLdnJ7u',1,'TE-50072','1963-10-24',0,NULL,0,0,'Urb Rio Aro','BOLIVAR','PUERTO ORDAZ',1),(50078,'Doonmar alfonzo','torres emanuelli','rjte.1993+9@gmail.com','20504717','VENEZUELA','04148986671','02869520525',2,'$2y$10$/4Tejw.uGmNKRByP9d1bQeNX6xHcmq3MLIV7GCHbHBygHqSDqmqvG',1,'TE-50078','1993-01-01',0,NULL,4,24,'DIRECCION EN CAGUA','ARAGUA','CAGUA',1),(50079,'Milagros','Leon','gabrielromeroalfonzo8@gmail.com','14043331','USA','9544706283','',2,'$2y$10$hiNvpv6Ot0bRhUOSwguh5.38sMRSkehOnx72p6ZSt.wK7NeT4OGQe',1,'TE-50079','1979-04-08',0,NULL,0,0,'2200 nw 170 av','Florida','Pembroke Pines',61);
/*!40000 ALTER TABLE `users` ENABLE KEYS */;
UNLOCK TABLES;

--
-- Table structure for table `warehouse_destiny`
--

DROP TABLE IF EXISTS `warehouse_destiny`;
/*!40101 SET @saved_cs_client     = @@character_set_client */;
/*!50503 SET character_set_client = utf8mb4 */;
CREATE TABLE `warehouse_destiny` (
  `id` int NOT NULL AUTO_INCREMENT,
  `warehouse_id` int NOT NULL,
  `country_id` int NOT NULL,
  `state_id` int NOT NULL,
  `city_id` int NOT NULL,
  `destiner_id` int NOT NULL,
  `country_name` varchar(50) DEFAULT NULL,
  `state_name` varchar(50) DEFAULT NULL,
  `city_name` varchar(50) DEFAULT NULL,
  `address_destiner` varchar(100) DEFAULT NULL,
  PRIMARY KEY (`id`)
) ENGINE=InnoDB AUTO_INCREMENT=42 DEFAULT CHARSET=utf8mb4;
/*!40101 SET character_set_client = @saved_cs_client */;

--
-- Dumping data for table `warehouse_destiny`
--

LOCK TABLES `warehouse_destiny` WRITE;
/*!40000 ALTER TABLE `warehouse_destiny` DISABLE KEYS */;
INSERT INTO `warehouse_destiny` VALUES (23,5138,1,6,11,56,'VENEZUELA','BOLÍVAR','PUERTO ORDAZ','11'),(24,5145,1,6,11,56,'VENEZUELA','BOLÍVAR','PUERTO ORDAZ','11'),(25,5147,1,6,11,23,'VENEZUELA','BOLÍVAR','PUERTO ORDAZ','Urb. Las Garzas, mz 10 casa 16'),(26,5148,1,6,11,23,'VENEZUELA','BOLÍVAR','PUERTO ORDAZ','Urb. Las Garzas, mz 10 casa 16, '),(27,5152,1,6,11,23,'VENEZUELA','BOLÍVAR','PUERTO ORDAZ','Urb. Las Garzas, mz 10 casa 16'),(28,5156,1,6,11,17,'VENEZUELA','BOLÍVAR','PUERTO ORDAZ','Urb lomas del caroní manzana 27 casa nro 600'),(29,5158,1,6,11,58,'VENEZUELA','BOLÍVAR','PUERTO ORDAZ','altavista sur'),(30,5159,1,6,11,23,'VENEZUELA','BOLÍVAR','PUERTO ORDAZ','Urb. Las Garzas, mz 10 casa 16'),(31,5160,1,6,11,56,'VENEZUELA','BOLÍVAR','PUERTO ORDAZ','FDINFODNON'),(32,5161,1,6,11,17,'VENEZUELA','BOLÍVAR','PUERTO ORDAZ','Urb lomas del caroní manzana 27 casa nro 600'),(33,5162,1,6,11,17,'VENEZUELA','BOLÍVAR','PUERTO ORDAZ','Urb lomas del caroní manzana 27 casa nro 600'),(34,5163,1,6,11,56,'VENEZUELA','BOLÍVAR','PUERTO ORDAZ','FDINFODNON'),(35,5170,1,6,11,56,'VENEZUELA','BOLÍVAR','PUERTO ORDAZ','FDINFODNON'),(36,5172,1,6,11,23,'ddfdfd','sddsfdsf','dfdsfdf','Urb. Las Garzas, mz 10 casa 16'),(37,5176,1,6,11,23,'ddfdfd','sddsfdsf','dfdsfdf','Urb. Las Garzas, mz 10 casa 16'),(38,5177,1,6,11,17,'VENEZUELA','BOLÍVAR','PUERTO ORDAZ','Urb lomas del caroní manzana 27 casa nro 600'),(39,5186,1,6,11,17,'VENEZUELA','BOLÍVAR','PUERTO ORDAZ','Urb lomas del caroní manzana 27 casa nro 600'),(40,5188,1,6,11,17,'ddfdfd','sddsfdsf','dfdsfdf','Urb lomas del caroní manzana 27 casa nro 600'),(41,5189,1,6,11,23,'VENEZUELA','BOLÍVAR','PUERTO ORDAZ','Urb. Las Garzas, mz 10 casa 16');
/*!40000 ALTER TABLE `warehouse_destiny` ENABLE KEYS */;
UNLOCK TABLES;

--
-- Table structure for table `warehouse_packages`
--

DROP TABLE IF EXISTS `warehouse_packages`;
/*!40101 SET @saved_cs_client     = @@character_set_client */;
/*!50503 SET character_set_client = utf8mb4 */;
CREATE TABLE `warehouse_packages` (
  `id` int NOT NULL AUTO_INCREMENT,
  `id_warehouse` int NOT NULL,
  `id_package` int NOT NULL,
  PRIMARY KEY (`id`)
) ENGINE=InnoDB AUTO_INCREMENT=23 DEFAULT CHARSET=utf8mb3;
/*!40101 SET character_set_client = @saved_cs_client */;

--
-- Dumping data for table `warehouse_packages`
--

LOCK TABLES `warehouse_packages` WRITE;
/*!40000 ALTER TABLE `warehouse_packages` DISABLE KEYS */;
INSERT INTO `warehouse_packages` VALUES (22,24,39);
/*!40000 ALTER TABLE `warehouse_packages` ENABLE KEYS */;
UNLOCK TABLES;

--
-- Table structure for table `warehouse_packing`
--

DROP TABLE IF EXISTS `warehouse_packing`;
/*!40101 SET @saved_cs_client     = @@character_set_client */;
/*!50503 SET character_set_client = utf8mb4 */;
CREATE TABLE `warehouse_packing` (
  `id` int NOT NULL AUTO_INCREMENT,
  `id_packing` int NOT NULL,
  `id_warehouse` int NOT NULL,
  PRIMARY KEY (`id`)
) ENGINE=InnoDB AUTO_INCREMENT=17 DEFAULT CHARSET=utf8mb3;
/*!40101 SET character_set_client = @saved_cs_client */;

--
-- Dumping data for table `warehouse_packing`
--

LOCK TABLES `warehouse_packing` WRITE;
/*!40000 ALTER TABLE `warehouse_packing` DISABLE KEYS */;
INSERT INTO `warehouse_packing` VALUES (15,14,5019),(16,14,5019);
/*!40000 ALTER TABLE `warehouse_packing` ENABLE KEYS */;
UNLOCK TABLES;

--
-- Table structure for table `warehouses`
--

DROP TABLE IF EXISTS `warehouses`;
/*!40101 SET @saved_cs_client     = @@character_set_client */;
/*!50503 SET character_set_client = utf8mb4 */;
CREATE TABLE `warehouses` (
  `id` int NOT NULL AUTO_INCREMENT,
  `id_from` int NOT NULL,
  `id_to` int NOT NULL,
  `address` text NOT NULL,
  `address_send` text,
  `date_in` timestamp NOT NULL DEFAULT CURRENT_TIMESTAMP ON UPDATE CURRENT_TIMESTAMP,
  `description` text,
  `price` double(10,2) NOT NULL,
  `id_currier` int NOT NULL,
  `id_depart` int DEFAULT NULL,
  `code` varchar(45) NOT NULL,
  `state` int DEFAULT '1',
  `cost` double(10,2) NOT NULL,
  `trip_id` int NOT NULL,
  `country_id` int NOT NULL,
  `date_send` timestamp NOT NULL DEFAULT CURRENT_TIMESTAMP,
  `box` int NOT NULL DEFAULT '0',
  `casillero` int DEFAULT NULL,
  `ship_state` int DEFAULT NULL,
  `user_confirm_state` int DEFAULT NULL,
  `insurance` int DEFAULT NULL,
  `FLAG` int DEFAULT '0',
  `client_name` varchar(50) DEFAULT NULL,
  `destiner_name` varchar(100) DEFAULT NULL,
  `num_guia` int DEFAULT NULL,
  `nota_wh` varchar(200) DEFAULT NULL,
  PRIMARY KEY (`id`)
) ENGINE=InnoDB AUTO_INCREMENT=5200 DEFAULT CHARSET=utf8mb3;
/*!40101 SET character_set_client = @saved_cs_client */;

--
-- Dumping data for table `warehouses`
--

LOCK TABLES `warehouses` WRITE;
/*!40000 ALTER TABLE `warehouses` DISABLE KEYS */;
INSERT INTO `warehouses` VALUES (5139,0,0,'direccion',NULL,'2021-06-16 16:14:33',NULL,100.00,3,NULL,'code',1,10.00,1,1,'2021-07-08 14:16:54',0,NULL,NULL,NULL,NULL,1,NULL,NULL,NULL,NULL),(5140,0,0,'direccion',NULL,'2021-06-16 16:14:33',NULL,100.00,3,NULL,'code',1,10.00,1,1,'2021-07-08 14:20:14',0,NULL,NULL,NULL,NULL,1,NULL,NULL,NULL,NULL),(5141,0,0,'direccion',NULL,'2021-06-16 16:14:33',NULL,100.00,3,NULL,'code',1,10.00,1,1,'2021-07-09 00:51:23',0,NULL,NULL,NULL,NULL,1,NULL,NULL,NULL,NULL),(5142,0,0,'direccion',NULL,'2021-06-16 16:14:33',NULL,100.00,3,NULL,'code',1,10.00,1,1,'2021-07-09 00:51:55',0,NULL,NULL,NULL,NULL,1,NULL,NULL,NULL,NULL),(5143,0,0,'direccion',NULL,'2021-06-16 16:14:33',NULL,100.00,3,NULL,'code',1,10.00,1,1,'2021-07-09 00:55:40',0,NULL,NULL,NULL,NULL,1,NULL,NULL,NULL,NULL),(5144,0,0,'direccion',NULL,'2021-06-16 16:14:33',NULL,100.00,3,NULL,'code',1,10.00,1,1,'2021-07-09 00:59:05',0,NULL,NULL,NULL,NULL,1,NULL,NULL,NULL,NULL),(5146,0,0,'direccion',NULL,'2021-06-16 16:14:33',NULL,100.00,3,NULL,'code',1,10.00,1,1,'2021-07-12 20:19:41',0,NULL,NULL,NULL,NULL,1,NULL,NULL,NULL,NULL),(5149,0,0,'direccion',NULL,'2021-06-16 16:14:33',NULL,100.00,3,NULL,'code',1,10.00,1,1,'2021-07-12 21:59:50',0,NULL,NULL,NULL,NULL,1,NULL,NULL,NULL,NULL),(5150,0,0,'direccion',NULL,'2021-06-16 16:14:33',NULL,100.00,3,NULL,'code',1,10.00,1,1,'2021-07-13 19:36:56',0,NULL,NULL,NULL,NULL,1,NULL,NULL,NULL,NULL),(5151,0,0,'direccion',NULL,'2021-06-16 16:14:33',NULL,100.00,3,NULL,'code',1,10.00,1,1,'2021-07-13 19:39:20',0,NULL,NULL,NULL,NULL,1,NULL,NULL,NULL,NULL),(5153,0,0,'direccion',NULL,'2021-06-16 16:14:33',NULL,100.00,3,NULL,'code',1,10.00,1,1,'2021-07-17 20:26:00',0,NULL,NULL,NULL,NULL,1,NULL,NULL,NULL,NULL),(5154,0,0,'direccion',NULL,'2021-06-16 16:14:33',NULL,100.00,3,NULL,'code',1,10.00,1,1,'2021-07-17 20:30:32',0,NULL,NULL,NULL,NULL,1,NULL,NULL,NULL,NULL),(5155,0,0,'direccion',NULL,'2021-06-16 16:14:33',NULL,100.00,3,NULL,'code',1,10.00,1,1,'2021-07-20 17:09:17',0,NULL,NULL,NULL,NULL,1,NULL,NULL,NULL,NULL),(5157,0,0,'direccion',NULL,'2021-06-16 20:14:33',NULL,100.00,3,NULL,'code',1,10.00,1,1,'2021-07-24 07:01:31',0,NULL,NULL,NULL,NULL,1,NULL,NULL,NULL,NULL),(5164,0,0,'direccion',NULL,'2021-06-16 16:14:33',NULL,100.00,3,NULL,'code',1,10.00,1,1,'2021-07-25 22:22:06',0,NULL,NULL,NULL,NULL,1,NULL,NULL,NULL,NULL),(5165,0,0,'direccion',NULL,'2021-06-16 16:14:33',NULL,100.00,3,NULL,'code',1,10.00,1,1,'2021-07-25 22:22:19',0,NULL,NULL,NULL,NULL,1,NULL,NULL,NULL,NULL),(5166,0,0,'direccion',NULL,'2021-06-16 16:14:33',NULL,100.00,3,NULL,'code',1,10.00,1,1,'2021-07-25 22:27:11',0,NULL,NULL,NULL,NULL,1,NULL,NULL,NULL,NULL),(5167,0,0,'direccion',NULL,'2021-06-16 16:14:33',NULL,100.00,3,NULL,'code',1,10.00,1,1,'2021-07-25 22:34:09',0,NULL,NULL,NULL,NULL,1,NULL,NULL,NULL,NULL),(5168,0,0,'direccion',NULL,'2021-06-16 16:14:33',NULL,100.00,3,NULL,'code',1,10.00,1,1,'2021-07-25 23:29:34',0,NULL,NULL,NULL,NULL,1,NULL,NULL,NULL,NULL),(5169,0,0,'direccion',NULL,'2021-06-16 16:14:33',NULL,100.00,3,NULL,'code',1,10.00,1,1,'2021-07-25 23:30:28',0,NULL,NULL,NULL,NULL,1,NULL,NULL,NULL,NULL),(5171,0,0,'direccion',NULL,'2021-06-16 16:14:33',NULL,100.00,3,NULL,'code',1,10.00,1,1,'2021-07-27 00:17:15',0,NULL,NULL,NULL,NULL,1,NULL,NULL,NULL,NULL),(5173,0,0,'direccion',NULL,'2021-06-16 16:14:33',NULL,100.00,3,NULL,'code',1,10.00,1,1,'2021-07-27 00:30:07',0,NULL,NULL,NULL,NULL,1,NULL,NULL,NULL,NULL),(5174,0,0,'direccion',NULL,'2021-06-16 16:14:33',NULL,100.00,3,NULL,'code',1,10.00,1,1,'2021-07-27 00:31:32',0,NULL,NULL,NULL,NULL,1,NULL,NULL,NULL,NULL),(5175,0,0,'direccion',NULL,'2021-06-16 16:14:33',NULL,100.00,3,NULL,'code',1,10.00,1,1,'2021-07-28 12:33:54',0,NULL,NULL,NULL,NULL,1,NULL,NULL,NULL,NULL),(5178,0,0,'direccion',NULL,'2021-06-16 16:14:33',NULL,100.00,3,NULL,'code',1,10.00,1,1,'2021-07-31 19:26:59',0,NULL,NULL,NULL,NULL,1,NULL,NULL,NULL,NULL),(5179,0,0,'direccion',NULL,'2021-06-16 16:14:33',NULL,100.00,3,NULL,'code',1,10.00,1,1,'2021-07-31 19:28:46',0,NULL,NULL,NULL,NULL,1,NULL,NULL,NULL,NULL),(5180,0,0,'direccion',NULL,'2021-06-16 16:14:33',NULL,100.00,3,NULL,'code',1,10.00,1,1,'2021-07-31 19:37:34',0,NULL,NULL,NULL,NULL,1,NULL,NULL,NULL,NULL),(5181,0,0,'direccion',NULL,'2021-06-16 16:14:33',NULL,100.00,3,NULL,'code',1,10.00,1,1,'2021-07-31 19:45:26',0,NULL,NULL,NULL,NULL,1,NULL,NULL,NULL,NULL),(5182,0,0,'direccion',NULL,'2021-06-16 16:14:33',NULL,100.00,3,NULL,'code',1,10.00,1,1,'2021-07-31 19:54:55',0,NULL,NULL,NULL,NULL,1,NULL,NULL,NULL,NULL),(5183,0,0,'direccion',NULL,'2021-06-16 16:14:33',NULL,100.00,3,NULL,'code',1,10.00,1,1,'2021-07-31 19:55:01',0,NULL,NULL,NULL,NULL,1,NULL,NULL,NULL,NULL),(5184,0,0,'direccion',NULL,'2021-06-16 16:14:33',NULL,100.00,3,NULL,'code',1,10.00,1,1,'2021-07-31 19:55:07',0,NULL,NULL,NULL,NULL,1,NULL,NULL,NULL,NULL),(5185,0,0,'direccion',NULL,'2021-06-16 16:14:33',NULL,100.00,3,NULL,'code',1,10.00,1,1,'2021-07-31 19:55:10',0,NULL,NULL,NULL,NULL,1,NULL,NULL,NULL,NULL),(5187,0,0,'direccion',NULL,'2021-06-16 16:14:33',NULL,100.00,3,NULL,'code',1,10.00,1,1,'2021-07-31 19:57:26',0,NULL,NULL,NULL,NULL,1,NULL,NULL,NULL,NULL),(5189,50028,23,'11','11','2021-08-01 01:28:29','0',0.00,1,1,'TE-WH5189',2,0.00,2,1,'2021-08-06 00:00:00',1,1,1,0,0,2,'Gabriel Romero','Norma de Romero Romero',0,'sin comentarios'),(5190,0,0,'direccion',NULL,'2021-06-16 16:14:33',NULL,100.00,3,NULL,'code',1,10.00,1,1,'2021-08-01 00:37:21',0,NULL,NULL,NULL,NULL,1,NULL,NULL,NULL,NULL),(5191,0,0,'direccion',NULL,'2021-06-16 16:14:33',NULL,100.00,3,NULL,'code',1,10.00,1,1,'2021-08-01 00:41:12',0,NULL,NULL,NULL,NULL,1,NULL,NULL,NULL,NULL),(5192,0,0,'direccion',NULL,'2021-06-16 16:14:33',NULL,100.00,3,NULL,'code',1,10.00,1,1,'2021-08-01 00:55:09',0,NULL,NULL,NULL,NULL,1,NULL,NULL,NULL,NULL),(5193,0,0,'direccion',NULL,'2021-06-16 16:14:33',NULL,100.00,3,NULL,'code',1,10.00,1,1,'2021-08-01 00:55:17',0,NULL,NULL,NULL,NULL,1,NULL,NULL,NULL,NULL),(5194,0,0,'direccion',NULL,'2021-06-16 16:14:33',NULL,100.00,3,NULL,'code',1,10.00,1,1,'2021-08-01 01:13:20',0,NULL,NULL,NULL,NULL,1,NULL,NULL,NULL,NULL),(5195,0,0,'direccion',NULL,'2021-06-16 16:14:33',NULL,100.00,3,NULL,'code',1,10.00,1,1,'2021-08-01 01:14:44',0,NULL,NULL,NULL,NULL,1,NULL,NULL,NULL,NULL),(5196,0,0,'direccion',NULL,'2021-06-16 16:14:33',NULL,100.00,3,NULL,'code',1,10.00,1,1,'2021-08-01 02:19:09',0,NULL,NULL,NULL,NULL,1,NULL,NULL,NULL,NULL),(5197,0,0,'direccion',NULL,'2021-06-16 16:14:33',NULL,100.00,3,NULL,'code',1,10.00,1,1,'2021-08-04 01:07:14',0,NULL,NULL,NULL,NULL,1,NULL,NULL,NULL,NULL),(5198,0,0,'direccion',NULL,'2021-06-16 16:14:33',NULL,100.00,3,NULL,'code',1,10.00,1,1,'2021-08-04 18:03:52',0,NULL,NULL,NULL,NULL,1,NULL,NULL,NULL,NULL),(5199,0,0,'direccion',NULL,'2021-06-16 16:14:33',NULL,100.00,3,NULL,'code',1,10.00,1,1,'2021-08-10 00:38:38',0,NULL,NULL,NULL,NULL,1,NULL,NULL,NULL,NULL);
/*!40000 ALTER TABLE `warehouses` ENABLE KEYS */;
UNLOCK TABLES;

--
-- Table structure for table `warehouses_states`
--

DROP TABLE IF EXISTS `warehouses_states`;
/*!40101 SET @saved_cs_client     = @@character_set_client */;
/*!50503 SET character_set_client = utf8mb4 */;
CREATE TABLE `warehouses_states` (
  `id` int NOT NULL AUTO_INCREMENT,
  `name` varchar(45) NOT NULL,
  `active` tinyint(1) NOT NULL DEFAULT '1',
  PRIMARY KEY (`id`)
) ENGINE=InnoDB AUTO_INCREMENT=5 DEFAULT CHARSET=utf8mb3;
/*!40101 SET character_set_client = @saved_cs_client */;

--
-- Dumping data for table `warehouses_states`
--

LOCK TABLES `warehouses_states` WRITE;
/*!40000 ALTER TABLE `warehouses_states` DISABLE KEYS */;
INSERT INTO `warehouses_states` VALUES (1,'ON HAND',1),(2,'COMPLETE',1),(3,'INCOMPLETE',1);
/*!40000 ALTER TABLE `warehouses_states` ENABLE KEYS */;
UNLOCK TABLES;
/*!40103 SET TIME_ZONE=@OLD_TIME_ZONE */;

/*!40101 SET SQL_MODE=@OLD_SQL_MODE */;
/*!40014 SET FOREIGN_KEY_CHECKS=@OLD_FOREIGN_KEY_CHECKS */;
/*!40014 SET UNIQUE_CHECKS=@OLD_UNIQUE_CHECKS */;
/*!40101 SET CHARACTER_SET_CLIENT=@OLD_CHARACTER_SET_CLIENT */;
/*!40101 SET CHARACTER_SET_RESULTS=@OLD_CHARACTER_SET_RESULTS */;
/*!40101 SET COLLATION_CONNECTION=@OLD_COLLATION_CONNECTION */;
/*!40111 SET SQL_NOTES=@OLD_SQL_NOTES */;

-- Dump completed on 2021-08-12  0:17:11
